Neuron1,Neuron2,Type,IndexSending,IndexReceiving
RIML,ALML,tyramine,123,217
RIML,ALMR,tyramine,123,218
RIMR,ALML,tyramine,144,217
RIMR,ALMR,tyramine,144,218
RIML,ALNL,tyramine,123,281
RIML,ALNR,tyramine,123,282
RIMR,ALNL,tyramine,144,281
RIMR,ALNR,tyramine,144,282
RIML,AVBL,tyramine,123,115
RIML,AVBR,tyramine,123,116
RIMR,AVBL,tyramine,144,115
RIMR,AVBR,tyramine,144,116
RIML,AVM,tyramine,123,213
RIMR,AVM,tyramine,144,213
RIML,HSNL,tyramine,123,229
RIML,HSNR,tyramine,123,230
RIMR,HSNL,tyramine,144,229
RIMR,HSNR,tyramine,144,230
RIML,IL1DL,tyramine,123,22
RIML,IL1DR,tyramine,123,31
RIML,IL1L,tyramine,123,23
RIML,IL1R,tyramine,123,32
RIML,IL1VL,tyramine,123,24
RIML,IL1VR,tyramine,123,53
RIMR,IL1DL,tyramine,144,22
RIMR,IL1DR,tyramine,144,31
RIMR,IL1L,tyramine,144,23
RIMR,IL1R,tyramine,144,32
RIMR,IL1VL,tyramine,144,24
RIMR,IL1VR,tyramine,144,53
RIML,RMDDL,tyramine,123,101
RIML,RMDDR,tyramine,123,126
RIML,RMDL,tyramine,123,78
RIML,RMDR,tyramine,123,79
RIML,RMDVL,tyramine,123,61
RIML,RMDVR,tyramine,123,62
RIMR,RMDDL,tyramine,144,101
RIMR,RMDDR,tyramine,144,126
RIMR,RMDL,tyramine,144,78
RIMR,RMDR,tyramine,144,79
RIMR,RMDVL,tyramine,144,61
RIMR,RMDVR,tyramine,144,62
RIML,SDQL,tyramine,123,246
RIML,SDQR,tyramine,123,199
RIMR,SDQL,tyramine,144,246
RIMR,SDQR,tyramine,144,199
RIML,SMDDL,tyramine,123,108
RIML,SMDDR,tyramine,123,133
RIML,SMDVL,tyramine,123,65
RIML,SMDVR,tyramine,123,81
RIMR,SMDDL,tyramine,144,108
RIMR,SMDDR,tyramine,144,133
RIMR,SMDVL,tyramine,144,65
RIMR,SMDVR,tyramine,144,81
RIML,AIYL,tyramine,123,157
RIML,AIYR,tyramine,123,154
RIMR,AIYL,tyramine,144,157
RIMR,AIYR,tyramine,144,154
RIML,AIZL,tyramine,123,148
RIML,AIZR,tyramine,123,149
RIMR,AIZL,tyramine,144,148
RIMR,AIZR,tyramine,144,149
RIML,ALNL,tyramine,123,281
RIML,ALNR,tyramine,123,282
RIMR,ALNL,tyramine,144,281
RIMR,ALNR,tyramine,144,282
RIML,AUAL,tyramine,123,114
RIML,AUAR,tyramine,123,139
RIMR,AUAL,tyramine,144,114
RIMR,AUAR,tyramine,144,139
RIML,AVHL,tyramine,123,117
RIML,AVHR,tyramine,123,118
RIMR,AVHL,tyramine,144,117
RIMR,AVHR,tyramine,144,118
RIML,BDUL,tyramine,123,195
RIML,BDUR,tyramine,123,196
RIMR,BDUL,tyramine,144,195
RIMR,BDUR,tyramine,144,196
RIML,CANL,tyramine,123,240
RIML,CANR,tyramine,123,241
RIMR,CANL,tyramine,144,240
RIMR,CANR,tyramine,144,241
RIML,DA09,tyramine,123,269
RIMR,DA09,tyramine,144,269
RIML,DVA,tyramine,123,275
RIMR,DVA,tyramine,144,275
RIML,LUAL,tyramine,123,283
RIML,LUAR,tyramine,123,284
RIMR,LUAL,tyramine,144,283
RIMR,LUAR,tyramine,144,284
RIML,NSML,tyramine,123,12
RIML,NSMR,tyramine,123,13
RIMR,NSML,tyramine,144,12
RIMR,NSMR,tyramine,144,13
RIML,OLLL,tyramine,123,28
RIML,OLLR,tyramine,123,35
RIMR,OLLL,tyramine,144,28
RIMR,OLLR,tyramine,144,35
RIML,PDA,tyramine,123,278
RIMR,PDA,tyramine,144,278
RIML,PVCL,tyramine,123,290
RIML,PVCR,tyramine,123,291
RIMR,PVCL,tyramine,144,290
RIMR,PVCR,tyramine,144,291
RIML,PVDL,tyramine,123,249
RIML,PVDR,tyramine,123,250
RIMR,PVDL,tyramine,144,249
RIMR,PVDR,tyramine,144,250
RIML,PVT,tyramine,123,266
RIMR,PVT,tyramine,144,266
RIML,RIAL,tyramine,123,76
RIML,RIAR,tyramine,123,77
RIMR,RIAL,tyramine,144,76
RIMR,RIAR,tyramine,144,77
RIML,RICL,tyramine,123,143
RIML,RICR,tyramine,123,150
RIMR,RICL,tyramine,144,143
RIMR,RICR,tyramine,144,150
RIML,RID,tyramine,123,55
RIMR,RID,tyramine,144,55
RIML,RMED,tyramine,123,46
RIML,RMEL,tyramine,123,47
RIML,RMER,tyramine,123,56
RIML,RMEV,tyramine,123,63
RIMR,RMED,tyramine,144,46
RIMR,RMEL,tyramine,144,47
RIMR,RMER,tyramine,144,56
RIMR,RMEV,tyramine,144,63
RIML,SABD,tyramine,123,182
RIML,SABVL,tyramine,123,166
RIML,SABVR,tyramine,123,167
RIMR,SABD,tyramine,144,182
RIMR,SABVL,tyramine,144,166
RIMR,SABVR,tyramine,144,167
RIML,SDQL,tyramine,123,246
RIML,SDQR,tyramine,123,199
RIMR,SDQL,tyramine,144,246
RIMR,SDQR,tyramine,144,199
RIML,SIADL,tyramine,123,130
RIML,SIADR,tyramine,123,145
RIML,SIAVL,tyramine,123,151
RIML,SIAVR,tyramine,123,152
RIMR,SIADL,tyramine,144,130
RIMR,SIADR,tyramine,144,145
RIMR,SIAVL,tyramine,144,151
RIMR,SIAVR,tyramine,144,152
RIML,VD01,tyramine,123,188
RIML,VD10,tyramine,123,256
RIML,VD11,tyramine,123,262
RIML,VD12,tyramine,123,267
RIML,VD13,tyramine,123,274
RIML,VD02,tyramine,123,189
RIML,VD03,tyramine,123,198
RIML,VD04,tyramine,123,204
RIML,VD05,tyramine,123,211
RIML,VD06,tyramine,123,221
RIML,VD07,tyramine,123,226
RIML,VD08,tyramine,123,237
RIML,VD09,tyramine,123,247
RIMR,VD01,tyramine,144,188
RIMR,VD10,tyramine,144,256
RIMR,VD11,tyramine,144,262
RIMR,VD12,tyramine,144,267
RIMR,VD13,tyramine,144,274
RIMR,VD02,tyramine,144,189
RIMR,VD03,tyramine,144,198
RIMR,VD04,tyramine,144,204
RIMR,VD05,tyramine,144,211
RIMR,VD06,tyramine,144,221
RIMR,VD07,tyramine,144,226
RIMR,VD08,tyramine,144,237
RIMR,VD09,tyramine,144,247
RIML,ALML,tyramine,123,217
RIML,ALMR,tyramine,123,218
RIMR,ALML,tyramine,144,217
RIMR,ALMR,tyramine,144,218
RIML,ASEL,tyramine,123,111
RIML,ASER,tyramine,123,112
RIMR,ASEL,tyramine,144,111
RIMR,ASER,tyramine,144,112
RIML,ASGL,tyramine,123,87
RIML,ASGR,tyramine,123,88
RIMR,ASGL,tyramine,144,87
RIMR,ASGR,tyramine,144,88
RIML,ASHL,tyramine,123,89
RIML,ASHR,tyramine,123,90
RIMR,ASHL,tyramine,144,89
RIMR,ASHR,tyramine,144,90
RIML,ASIL,tyramine,123,91
RIML,ASIR,tyramine,123,113
RIMR,ASIL,tyramine,144,91
RIMR,ASIR,tyramine,144,113
RIML,CANL,tyramine,123,240
RIML,CANR,tyramine,123,241
RIMR,CANL,tyramine,144,240
RIMR,CANR,tyramine,144,241
RIML,MCL,tyramine,123,9
RIML,MCR,tyramine,123,10
RIMR,MCL,tyramine,144,9
RIMR,MCR,tyramine,144,10
RIML,NSML,tyramine,123,12
RIML,NSMR,tyramine,123,13
RIMR,NSML,tyramine,144,12
RIMR,NSMR,tyramine,144,13
RIML,PVDL,tyramine,123,249
RIML,PVDR,tyramine,123,250
RIMR,PVDL,tyramine,144,249
RIMR,PVDR,tyramine,144,250
RIML,ADEL,tyramine,123,170
RIML,ADER,tyramine,123,171
RIMR,ADEL,tyramine,144,170
RIMR,ADER,tyramine,144,171
RIML,ADLL,tyramine,123,68
RIML,ADLR,tyramine,123,84
RIMR,ADLL,tyramine,144,68
RIMR,ADLR,tyramine,144,84
RIML,AFDL,tyramine,123,69
RIML,AFDR,tyramine,123,85
RIMR,AFDL,tyramine,144,69
RIMR,AFDR,tyramine,144,85
RIML,AIML,tyramine,123,155
RIML,AIMR,tyramine,123,156
RIMR,AIML,tyramine,144,155
RIMR,AIMR,tyramine,144,156
RIML,ASKL,tyramine,123,70
RIML,ASKR,tyramine,123,71
RIMR,ASKL,tyramine,144,70
RIMR,ASKR,tyramine,144,71
RIML,AUAL,tyramine,123,114
RIML,AUAR,tyramine,123,139
RIMR,AUAL,tyramine,144,114
RIMR,AUAR,tyramine,144,139
RIML,AWCL,tyramine,123,97
RIML,AWCR,tyramine,123,98
RIMR,AWCL,tyramine,144,97
RIMR,AWCR,tyramine,144,98
RIML,BAGL,tyramine,123,42
RIML,BAGR,tyramine,123,51
RIMR,BAGL,tyramine,144,42
RIMR,BAGR,tyramine,144,51
RIML,CEPDL,tyramine,123,59
RIML,CEPDR,tyramine,123,75
RIML,CEPVL,tyramine,123,52
RIML,CEPVR,tyramine,123,60
RIMR,CEPDL,tyramine,144,59
RIMR,CEPDR,tyramine,144,75
RIMR,CEPVL,tyramine,144,52
RIMR,CEPVR,tyramine,144,60
RIML,OLQDL,tyramine,123,36
RIML,OLQDR,tyramine,123,43
RIML,OLQVL,tyramine,123,44
RIML,OLQVR,tyramine,123,54
RIMR,OLQDL,tyramine,144,36
RIMR,OLQDR,tyramine,144,43
RIMR,OLQVL,tyramine,144,44
RIMR,OLQVR,tyramine,144,54
RIML,PVT,tyramine,123,266
RIMR,PVT,tyramine,144,266
RIML,SDQL,tyramine,123,246
RIML,SDQR,tyramine,123,199
RIMR,SDQL,tyramine,144,246
RIMR,SDQR,tyramine,144,199
RICL,ADEL,octopamine,143,170
RICL,ADER,octopamine,143,171
RICR,ADEL,octopamine,150,170
RICR,ADER,octopamine,150,171
RICL,AIYL,octopamine,143,157
RICL,AIYR,octopamine,143,154
RICR,AIYL,octopamine,150,157
RICR,AIYR,octopamine,150,154
RICL,ASHL,octopamine,143,89
RICL,ASHR,octopamine,143,90
RICR,ASHL,octopamine,150,89
RICR,ASHR,octopamine,150,90
RICL,ASIL,octopamine,143,91
RICL,ASIR,octopamine,143,113
RICR,ASIL,octopamine,150,91
RICR,ASIR,octopamine,150,113
RICL,CEPDL,octopamine,143,59
RICL,CEPDR,octopamine,143,75
RICL,CEPVL,octopamine,143,52
RICL,CEPVR,octopamine,143,60
RICR,CEPDL,octopamine,150,59
RICR,CEPDR,octopamine,150,75
RICR,CEPVL,octopamine,150,52
RICR,CEPVR,octopamine,150,60
RICL,ASHL,octopamine,143,89
RICL,ASHR,octopamine,143,90
RICR,ASHL,octopamine,150,89
RICR,ASHR,octopamine,150,90
RICL,PHAL,octopamine,143,279
RICL,PHAR,octopamine,143,285
RICR,PHAL,octopamine,150,279
RICR,PHAR,octopamine,150,285
RICL,PHBL,octopamine,143,286
RICL,PHBR,octopamine,143,287
RICR,PHBL,octopamine,150,286
RICR,PHBR,octopamine,150,287
RICL,PVQL,octopamine,143,292
RICL,PVQR,octopamine,143,280
RICR,PVQL,octopamine,150,292
RICR,PVQR,octopamine,150,280
RICL,SIADL,octopamine,143,130
RICL,SIADR,octopamine,143,145
RICL,SIAVL,octopamine,143,151
RICL,SIAVR,octopamine,143,152
RICR,SIADL,octopamine,150,130
RICR,SIADR,octopamine,150,145
RICR,SIAVL,octopamine,150,151
RICR,SIAVR,octopamine,150,152
RICL,ADLL,octopamine,143,68
RICL,ADLR,octopamine,143,84
RICR,ADLL,octopamine,150,68
RICR,ADLR,octopamine,150,84
RICL,ASIL,octopamine,143,91
RICL,ASIR,octopamine,143,113
RICR,ASIL,octopamine,150,91
RICR,ASIR,octopamine,150,113
RICL,AWBL,octopamine,143,95
RICL,AWBR,octopamine,143,96
RICR,AWBL,octopamine,150,95
RICR,AWBR,octopamine,150,96
RICL,RICL,octopamine,143,143
RICL,RICR,octopamine,143,150
RICR,RICL,octopamine,150,143
RICR,RICR,octopamine,150,150
RICL,SIADL,octopamine,143,130
RICL,SIADR,octopamine,143,145
RICL,SIAVL,octopamine,143,151
RICL,SIAVR,octopamine,143,152
RICR,SIADL,octopamine,150,130
RICR,SIADR,octopamine,150,145
RICR,SIAVL,octopamine,150,151
RICR,SIAVR,octopamine,150,152
ADEL,ALML,dopamine,170,217
ADEL,ALMR,dopamine,170,218
ADER,ALML,dopamine,171,217
ADER,ALMR,dopamine,171,218
ADEL,ALNL,dopamine,170,281
ADEL,ALNR,dopamine,170,282
ADER,ALNL,dopamine,171,281
ADER,ALNR,dopamine,171,282
ADEL,AS01,dopamine,170,186
ADEL,AS10,dopamine,170,260
ADEL,AS11,dopamine,170,264
ADEL,AS02,dopamine,170,192
ADEL,AS03,dopamine,170,203
ADEL,AS04,dopamine,170,210
ADEL,AS05,dopamine,170,220
ADEL,AS06,dopamine,170,224
ADEL,AS07,dopamine,170,233
ADEL,AS08,dopamine,170,242
ADEL,AS09,dopamine,170,254
ADER,AS01,dopamine,171,186
ADER,AS10,dopamine,171,260
ADER,AS11,dopamine,171,264
ADER,AS02,dopamine,171,192
ADER,AS03,dopamine,171,203
ADER,AS04,dopamine,171,210
ADER,AS05,dopamine,171,220
ADER,AS06,dopamine,171,224
ADER,AS07,dopamine,171,233
ADER,AS08,dopamine,171,242
ADER,AS09,dopamine,171,254
ADEL,AUAL,dopamine,170,114
ADEL,AUAR,dopamine,170,139
ADER,AUAL,dopamine,171,114
ADER,AUAR,dopamine,171,139
ADEL,AVM,dopamine,170,213
ADER,AVM,dopamine,171,213
ADEL,DA01,dopamine,170,187
ADEL,DA02,dopamine,170,193
ADEL,DA03,dopamine,170,205
ADEL,DA04,dopamine,170,214
ADEL,DA05,dopamine,170,228
ADEL,DA06,dopamine,170,248
ADEL,DA07,dopamine,170,261
ADEL,DA08,dopamine,170,268
ADEL,DA09,dopamine,170,269
ADER,DA01,dopamine,171,187
ADER,DA02,dopamine,171,193
ADER,DA03,dopamine,171,205
ADER,DA04,dopamine,171,214
ADER,DA05,dopamine,171,228
ADER,DA06,dopamine,171,248
ADER,DA07,dopamine,171,261
ADER,DA08,dopamine,171,268
ADER,DA09,dopamine,171,269
ADEL,DB01,dopamine,170,184
ADEL,DB02,dopamine,170,173
ADEL,DB03,dopamine,170,194
ADEL,DB04,dopamine,170,209
ADEL,DB05,dopamine,170,225
ADEL,DB06,dopamine,170,243
ADEL,DB07,dopamine,170,258
ADER,DB01,dopamine,171,184
ADER,DB02,dopamine,171,173
ADER,DB03,dopamine,171,194
ADER,DB04,dopamine,171,209
ADER,DB05,dopamine,171,225
ADER,DB06,dopamine,171,243
ADER,DB07,dopamine,171,258
ADEL,PHCL,dopamine,170,294
ADEL,PHCR,dopamine,170,295
ADER,PHCL,dopamine,171,294
ADER,PHCR,dopamine,171,295
ADEL,PLML,dopamine,170,296
ADEL,PLMR,dopamine,170,297
ADER,PLML,dopamine,171,296
ADER,PLMR,dopamine,171,297
ADEL,PLNL,dopamine,170,298
ADEL,PLNR,dopamine,170,288
ADER,PLNL,dopamine,171,298
ADER,PLNR,dopamine,171,288
ADEL,PVDL,dopamine,170,249
ADEL,PVDR,dopamine,170,250
ADER,PVDL,dopamine,171,249
ADER,PVDR,dopamine,171,250
ADEL,PVQL,dopamine,170,292
ADEL,PVQR,dopamine,170,280
ADER,PVQL,dopamine,171,292
ADER,PVQR,dopamine,171,280
ADEL,RIBL,dopamine,170,121
ADEL,RIBR,dopamine,170,122
ADER,RIBL,dopamine,171,121
ADER,RIBR,dopamine,171,122
ADEL,RIML,dopamine,170,123
ADEL,RIMR,dopamine,170,144
ADER,RIML,dopamine,171,123
ADER,RIMR,dopamine,171,144
ADEL,RIS,dopamine,170,159
ADER,RIS,dopamine,171,159
ADEL,VA01,dopamine,170,183
ADEL,VA10,dopamine,170,257
ADEL,VA11,dopamine,170,263
ADEL,VA12,dopamine,170,273
ADEL,VA02,dopamine,170,190
ADEL,VA03,dopamine,170,197
ADEL,VA04,dopamine,170,206
ADEL,VA05,dopamine,170,212
ADEL,VA06,dopamine,170,222
ADEL,VA07,dopamine,170,231
ADEL,VA08,dopamine,170,238
ADEL,VA09,dopamine,170,252
ADER,VA01,dopamine,171,183
ADER,VA10,dopamine,171,257
ADER,VA11,dopamine,171,263
ADER,VA12,dopamine,171,273
ADER,VA02,dopamine,171,190
ADER,VA03,dopamine,171,197
ADER,VA04,dopamine,171,206
ADER,VA05,dopamine,171,212
ADER,VA06,dopamine,171,222
ADER,VA07,dopamine,171,231
ADER,VA08,dopamine,171,238
ADER,VA09,dopamine,171,252
ADEL,VB01,dopamine,170,175
ADEL,VB10,dopamine,170,253
ADEL,VB11,dopamine,170,259
ADEL,VB02,dopamine,170,160
ADEL,VB03,dopamine,170,191
ADEL,VB04,dopamine,170,200
ADEL,VB05,dopamine,170,207
ADEL,VB06,dopamine,170,216
ADEL,VB07,dopamine,170,223
ADEL,VB08,dopamine,170,234
ADEL,VB09,dopamine,170,239
ADER,VB01,dopamine,171,175
ADER,VB10,dopamine,171,253
ADER,VB11,dopamine,171,259
ADER,VB02,dopamine,171,160
ADER,VB03,dopamine,171,191
ADER,VB04,dopamine,171,200
ADER,VB05,dopamine,171,207
ADER,VB06,dopamine,171,216
ADER,VB07,dopamine,171,223
ADER,VB08,dopamine,171,234
ADER,VB09,dopamine,171,239
CEPDL,ALML,dopamine,59,217
CEPDL,ALMR,dopamine,59,218
CEPDR,ALML,dopamine,75,217
CEPDR,ALMR,dopamine,75,218
CEPVL,ALML,dopamine,52,217
CEPVL,ALMR,dopamine,52,218
CEPVR,ALML,dopamine,60,217
CEPVR,ALMR,dopamine,60,218
CEPDL,ALNL,dopamine,59,281
CEPDL,ALNR,dopamine,59,282
CEPDR,ALNL,dopamine,75,281
CEPDR,ALNR,dopamine,75,282
CEPVL,ALNL,dopamine,52,281
CEPVL,ALNR,dopamine,52,282
CEPVR,ALNL,dopamine,60,281
CEPVR,ALNR,dopamine,60,282
CEPDL,AS01,dopamine,59,186
CEPDL,AS10,dopamine,59,260
CEPDL,AS11,dopamine,59,264
CEPDL,AS02,dopamine,59,192
CEPDL,AS03,dopamine,59,203
CEPDL,AS04,dopamine,59,210
CEPDL,AS05,dopamine,59,220
CEPDL,AS06,dopamine,59,224
CEPDL,AS07,dopamine,59,233
CEPDL,AS08,dopamine,59,242
CEPDL,AS09,dopamine,59,254
CEPDR,AS01,dopamine,75,186
CEPDR,AS10,dopamine,75,260
CEPDR,AS11,dopamine,75,264
CEPDR,AS02,dopamine,75,192
CEPDR,AS03,dopamine,75,203
CEPDR,AS04,dopamine,75,210
CEPDR,AS05,dopamine,75,220
CEPDR,AS06,dopamine,75,224
CEPDR,AS07,dopamine,75,233
CEPDR,AS08,dopamine,75,242
CEPDR,AS09,dopamine,75,254
CEPVL,AS01,dopamine,52,186
CEPVL,AS10,dopamine,52,260
CEPVL,AS11,dopamine,52,264
CEPVL,AS02,dopamine,52,192
CEPVL,AS03,dopamine,52,203
CEPVL,AS04,dopamine,52,210
CEPVL,AS05,dopamine,52,220
CEPVL,AS06,dopamine,52,224
CEPVL,AS07,dopamine,52,233
CEPVL,AS08,dopamine,52,242
CEPVL,AS09,dopamine,52,254
CEPVR,AS01,dopamine,60,186
CEPVR,AS10,dopamine,60,260
CEPVR,AS11,dopamine,60,264
CEPVR,AS02,dopamine,60,192
CEPVR,AS03,dopamine,60,203
CEPVR,AS04,dopamine,60,210
CEPVR,AS05,dopamine,60,220
CEPVR,AS06,dopamine,60,224
CEPVR,AS07,dopamine,60,233
CEPVR,AS08,dopamine,60,242
CEPVR,AS09,dopamine,60,254
CEPDL,AUAL,dopamine,59,114
CEPDL,AUAR,dopamine,59,139
CEPDR,AUAL,dopamine,75,114
CEPDR,AUAR,dopamine,75,139
CEPVL,AUAL,dopamine,52,114
CEPVL,AUAR,dopamine,52,139
CEPVR,AUAL,dopamine,60,114
CEPVR,AUAR,dopamine,60,139
CEPDL,AVM,dopamine,59,213
CEPDR,AVM,dopamine,75,213
CEPVL,AVM,dopamine,52,213
CEPVR,AVM,dopamine,60,213
CEPDL,DA01,dopamine,59,187
CEPDL,DA02,dopamine,59,193
CEPDL,DA03,dopamine,59,205
CEPDL,DA04,dopamine,59,214
CEPDL,DA05,dopamine,59,228
CEPDL,DA06,dopamine,59,248
CEPDL,DA07,dopamine,59,261
CEPDL,DA08,dopamine,59,268
CEPDL,DA09,dopamine,59,269
CEPDR,DA01,dopamine,75,187
CEPDR,DA02,dopamine,75,193
CEPDR,DA03,dopamine,75,205
CEPDR,DA04,dopamine,75,214
CEPDR,DA05,dopamine,75,228
CEPDR,DA06,dopamine,75,248
CEPDR,DA07,dopamine,75,261
CEPDR,DA08,dopamine,75,268
CEPDR,DA09,dopamine,75,269
CEPVL,DA01,dopamine,52,187
CEPVL,DA02,dopamine,52,193
CEPVL,DA03,dopamine,52,205
CEPVL,DA04,dopamine,52,214
CEPVL,DA05,dopamine,52,228
CEPVL,DA06,dopamine,52,248
CEPVL,DA07,dopamine,52,261
CEPVL,DA08,dopamine,52,268
CEPVL,DA09,dopamine,52,269
CEPVR,DA01,dopamine,60,187
CEPVR,DA02,dopamine,60,193
CEPVR,DA03,dopamine,60,205
CEPVR,DA04,dopamine,60,214
CEPVR,DA05,dopamine,60,228
CEPVR,DA06,dopamine,60,248
CEPVR,DA07,dopamine,60,261
CEPVR,DA08,dopamine,60,268
CEPVR,DA09,dopamine,60,269
CEPDL,DB01,dopamine,59,184
CEPDL,DB02,dopamine,59,173
CEPDL,DB03,dopamine,59,194
CEPDL,DB04,dopamine,59,209
CEPDL,DB05,dopamine,59,225
CEPDL,DB06,dopamine,59,243
CEPDL,DB07,dopamine,59,258
CEPDR,DB01,dopamine,75,184
CEPDR,DB02,dopamine,75,173
CEPDR,DB03,dopamine,75,194
CEPDR,DB04,dopamine,75,209
CEPDR,DB05,dopamine,75,225
CEPDR,DB06,dopamine,75,243
CEPDR,DB07,dopamine,75,258
CEPVL,DB01,dopamine,52,184
CEPVL,DB02,dopamine,52,173
CEPVL,DB03,dopamine,52,194
CEPVL,DB04,dopamine,52,209
CEPVL,DB05,dopamine,52,225
CEPVL,DB06,dopamine,52,243
CEPVL,DB07,dopamine,52,258
CEPVR,DB01,dopamine,60,184
CEPVR,DB02,dopamine,60,173
CEPVR,DB03,dopamine,60,194
CEPVR,DB04,dopamine,60,209
CEPVR,DB05,dopamine,60,225
CEPVR,DB06,dopamine,60,243
CEPVR,DB07,dopamine,60,258
CEPDL,PHCL,dopamine,59,294
CEPDL,PHCR,dopamine,59,295
CEPDR,PHCL,dopamine,75,294
CEPDR,PHCR,dopamine,75,295
CEPVL,PHCL,dopamine,52,294
CEPVL,PHCR,dopamine,52,295
CEPVR,PHCL,dopamine,60,294
CEPVR,PHCR,dopamine,60,295
CEPDL,PLML,dopamine,59,296
CEPDL,PLMR,dopamine,59,297
CEPDR,PLML,dopamine,75,296
CEPDR,PLMR,dopamine,75,297
CEPVL,PLML,dopamine,52,296
CEPVL,PLMR,dopamine,52,297
CEPVR,PLML,dopamine,60,296
CEPVR,PLMR,dopamine,60,297
CEPDL,PLNL,dopamine,59,298
CEPDL,PLNR,dopamine,59,288
CEPDR,PLNL,dopamine,75,298
CEPDR,PLNR,dopamine,75,288
CEPVL,PLNL,dopamine,52,298
CEPVL,PLNR,dopamine,52,288
CEPVR,PLNL,dopamine,60,298
CEPVR,PLNR,dopamine,60,288
CEPDL,PVDL,dopamine,59,249
CEPDL,PVDR,dopamine,59,250
CEPDR,PVDL,dopamine,75,249
CEPDR,PVDR,dopamine,75,250
CEPVL,PVDL,dopamine,52,249
CEPVL,PVDR,dopamine,52,250
CEPVR,PVDL,dopamine,60,249
CEPVR,PVDR,dopamine,60,250
CEPDL,PVQL,dopamine,59,292
CEPDL,PVQR,dopamine,59,280
CEPDR,PVQL,dopamine,75,292
CEPDR,PVQR,dopamine,75,280
CEPVL,PVQL,dopamine,52,292
CEPVL,PVQR,dopamine,52,280
CEPVR,PVQL,dopamine,60,292
CEPVR,PVQR,dopamine,60,280
CEPDL,RIBL,dopamine,59,121
CEPDL,RIBR,dopamine,59,122
CEPDR,RIBL,dopamine,75,121
CEPDR,RIBR,dopamine,75,122
CEPVL,RIBL,dopamine,52,121
CEPVL,RIBR,dopamine,52,122
CEPVR,RIBL,dopamine,60,121
CEPVR,RIBR,dopamine,60,122
CEPDL,RIML,dopamine,59,123
CEPDL,RIMR,dopamine,59,144
CEPDR,RIML,dopamine,75,123
CEPDR,RIMR,dopamine,75,144
CEPVL,RIML,dopamine,52,123
CEPVL,RIMR,dopamine,52,144
CEPVR,RIML,dopamine,60,123
CEPVR,RIMR,dopamine,60,144
CEPDL,RIS,dopamine,59,159
CEPDR,RIS,dopamine,75,159
CEPVL,RIS,dopamine,52,159
CEPVR,RIS,dopamine,60,159
CEPDL,VA01,dopamine,59,183
CEPDL,VA10,dopamine,59,257
CEPDL,VA11,dopamine,59,263
CEPDL,VA12,dopamine,59,273
CEPDL,VA02,dopamine,59,190
CEPDL,VA03,dopamine,59,197
CEPDL,VA04,dopamine,59,206
CEPDL,VA05,dopamine,59,212
CEPDL,VA06,dopamine,59,222
CEPDL,VA07,dopamine,59,231
CEPDL,VA08,dopamine,59,238
CEPDL,VA09,dopamine,59,252
CEPDR,VA01,dopamine,75,183
CEPDR,VA10,dopamine,75,257
CEPDR,VA11,dopamine,75,263
CEPDR,VA12,dopamine,75,273
CEPDR,VA02,dopamine,75,190
CEPDR,VA03,dopamine,75,197
CEPDR,VA04,dopamine,75,206
CEPDR,VA05,dopamine,75,212
CEPDR,VA06,dopamine,75,222
CEPDR,VA07,dopamine,75,231
CEPDR,VA08,dopamine,75,238
CEPDR,VA09,dopamine,75,252
CEPVL,VA01,dopamine,52,183
CEPVL,VA10,dopamine,52,257
CEPVL,VA11,dopamine,52,263
CEPVL,VA12,dopamine,52,273
CEPVL,VA02,dopamine,52,190
CEPVL,VA03,dopamine,52,197
CEPVL,VA04,dopamine,52,206
CEPVL,VA05,dopamine,52,212
CEPVL,VA06,dopamine,52,222
CEPVL,VA07,dopamine,52,231
CEPVL,VA08,dopamine,52,238
CEPVL,VA09,dopamine,52,252
CEPVR,VA01,dopamine,60,183
CEPVR,VA10,dopamine,60,257
CEPVR,VA11,dopamine,60,263
CEPVR,VA12,dopamine,60,273
CEPVR,VA02,dopamine,60,190
CEPVR,VA03,dopamine,60,197
CEPVR,VA04,dopamine,60,206
CEPVR,VA05,dopamine,60,212
CEPVR,VA06,dopamine,60,222
CEPVR,VA07,dopamine,60,231
CEPVR,VA08,dopamine,60,238
CEPVR,VA09,dopamine,60,252
CEPDL,VB01,dopamine,59,175
CEPDL,VB10,dopamine,59,253
CEPDL,VB11,dopamine,59,259
CEPDL,VB02,dopamine,59,160
CEPDL,VB03,dopamine,59,191
CEPDL,VB04,dopamine,59,200
CEPDL,VB05,dopamine,59,207
CEPDL,VB06,dopamine,59,216
CEPDL,VB07,dopamine,59,223
CEPDL,VB08,dopamine,59,234
CEPDL,VB09,dopamine,59,239
CEPDR,VB01,dopamine,75,175
CEPDR,VB10,dopamine,75,253
CEPDR,VB11,dopamine,75,259
CEPDR,VB02,dopamine,75,160
CEPDR,VB03,dopamine,75,191
CEPDR,VB04,dopamine,75,200
CEPDR,VB05,dopamine,75,207
CEPDR,VB06,dopamine,75,216
CEPDR,VB07,dopamine,75,223
CEPDR,VB08,dopamine,75,234
CEPDR,VB09,dopamine,75,239
CEPVL,VB01,dopamine,52,175
CEPVL,VB10,dopamine,52,253
CEPVL,VB11,dopamine,52,259
CEPVL,VB02,dopamine,52,160
CEPVL,VB03,dopamine,52,191
CEPVL,VB04,dopamine,52,200
CEPVL,VB05,dopamine,52,207
CEPVL,VB06,dopamine,52,216
CEPVL,VB07,dopamine,52,223
CEPVL,VB08,dopamine,52,234
CEPVL,VB09,dopamine,52,239
CEPVR,VB01,dopamine,60,175
CEPVR,VB10,dopamine,60,253
CEPVR,VB11,dopamine,60,259
CEPVR,VB02,dopamine,60,160
CEPVR,VB03,dopamine,60,191
CEPVR,VB04,dopamine,60,200
CEPVR,VB05,dopamine,60,207
CEPVR,VB06,dopamine,60,216
CEPVR,VB07,dopamine,60,223
CEPVR,VB08,dopamine,60,234
CEPVR,VB09,dopamine,60,239
PDEL,ALML,dopamine,244,217
PDEL,ALMR,dopamine,244,218
PDER,ALML,dopamine,245,217
PDER,ALMR,dopamine,245,218
PDEL,ALNL,dopamine,244,281
PDEL,ALNR,dopamine,244,282
PDER,ALNL,dopamine,245,281
PDER,ALNR,dopamine,245,282
PDEL,AS01,dopamine,244,186
PDEL,AS10,dopamine,244,260
PDEL,AS11,dopamine,244,264
PDEL,AS02,dopamine,244,192
PDEL,AS03,dopamine,244,203
PDEL,AS04,dopamine,244,210
PDEL,AS05,dopamine,244,220
PDEL,AS06,dopamine,244,224
PDEL,AS07,dopamine,244,233
PDEL,AS08,dopamine,244,242
PDEL,AS09,dopamine,244,254
PDER,AS01,dopamine,245,186
PDER,AS10,dopamine,245,260
PDER,AS11,dopamine,245,264
PDER,AS02,dopamine,245,192
PDER,AS03,dopamine,245,203
PDER,AS04,dopamine,245,210
PDER,AS05,dopamine,245,220
PDER,AS06,dopamine,245,224
PDER,AS07,dopamine,245,233
PDER,AS08,dopamine,245,242
PDER,AS09,dopamine,245,254
PDEL,AUAL,dopamine,244,114
PDEL,AUAR,dopamine,244,139
PDER,AUAL,dopamine,245,114
PDER,AUAR,dopamine,245,139
PDEL,AVM,dopamine,244,213
PDER,AVM,dopamine,245,213
PDEL,DA01,dopamine,244,187
PDEL,DA02,dopamine,244,193
PDEL,DA03,dopamine,244,205
PDEL,DA04,dopamine,244,214
PDEL,DA05,dopamine,244,228
PDEL,DA06,dopamine,244,248
PDEL,DA07,dopamine,244,261
PDEL,DA08,dopamine,244,268
PDEL,DA09,dopamine,244,269
PDER,DA01,dopamine,245,187
PDER,DA02,dopamine,245,193
PDER,DA03,dopamine,245,205
PDER,DA04,dopamine,245,214
PDER,DA05,dopamine,245,228
PDER,DA06,dopamine,245,248
PDER,DA07,dopamine,245,261
PDER,DA08,dopamine,245,268
PDER,DA09,dopamine,245,269
PDEL,DB01,dopamine,244,184
PDEL,DB02,dopamine,244,173
PDEL,DB03,dopamine,244,194
PDEL,DB04,dopamine,244,209
PDEL,DB05,dopamine,244,225
PDEL,DB06,dopamine,244,243
PDEL,DB07,dopamine,244,258
PDER,DB01,dopamine,245,184
PDER,DB02,dopamine,245,173
PDER,DB03,dopamine,245,194
PDER,DB04,dopamine,245,209
PDER,DB05,dopamine,245,225
PDER,DB06,dopamine,245,243
PDER,DB07,dopamine,245,258
PDEL,PHCL,dopamine,244,294
PDEL,PHCR,dopamine,244,295
PDER,PHCL,dopamine,245,294
PDER,PHCR,dopamine,245,295
PDEL,PLML,dopamine,244,296
PDEL,PLMR,dopamine,244,297
PDER,PLML,dopamine,245,296
PDER,PLMR,dopamine,245,297
PDEL,PLNL,dopamine,244,298
PDEL,PLNR,dopamine,244,288
PDER,PLNL,dopamine,245,298
PDER,PLNR,dopamine,245,288
PDEL,PVDL,dopamine,244,249
PDEL,PVDR,dopamine,244,250
PDER,PVDL,dopamine,245,249
PDER,PVDR,dopamine,245,250
PDEL,PVQL,dopamine,244,292
PDEL,PVQR,dopamine,244,280
PDER,PVQL,dopamine,245,292
PDER,PVQR,dopamine,245,280
PDEL,RIBL,dopamine,244,121
PDEL,RIBR,dopamine,244,122
PDER,RIBL,dopamine,245,121
PDER,RIBR,dopamine,245,122
PDEL,RIML,dopamine,244,123
PDEL,RIMR,dopamine,244,144
PDER,RIML,dopamine,245,123
PDER,RIMR,dopamine,245,144
PDEL,RIS,dopamine,244,159
PDER,RIS,dopamine,245,159
PDEL,VA01,dopamine,244,183
PDEL,VA10,dopamine,244,257
PDEL,VA11,dopamine,244,263
PDEL,VA12,dopamine,244,273
PDEL,VA02,dopamine,244,190
PDEL,VA03,dopamine,244,197
PDEL,VA04,dopamine,244,206
PDEL,VA05,dopamine,244,212
PDEL,VA06,dopamine,244,222
PDEL,VA07,dopamine,244,231
PDEL,VA08,dopamine,244,238
PDEL,VA09,dopamine,244,252
PDER,VA01,dopamine,245,183
PDER,VA10,dopamine,245,257
PDER,VA11,dopamine,245,263
PDER,VA12,dopamine,245,273
PDER,VA02,dopamine,245,190
PDER,VA03,dopamine,245,197
PDER,VA04,dopamine,245,206
PDER,VA05,dopamine,245,212
PDER,VA06,dopamine,245,222
PDER,VA07,dopamine,245,231
PDER,VA08,dopamine,245,238
PDER,VA09,dopamine,245,252
PDEL,VB01,dopamine,244,175
PDEL,VB10,dopamine,244,253
PDEL,VB11,dopamine,244,259
PDEL,VB02,dopamine,244,160
PDEL,VB03,dopamine,244,191
PDEL,VB04,dopamine,244,200
PDEL,VB05,dopamine,244,207
PDEL,VB06,dopamine,244,216
PDEL,VB07,dopamine,244,223
PDEL,VB08,dopamine,244,234
PDEL,VB09,dopamine,244,239
PDER,VB01,dopamine,245,175
PDER,VB10,dopamine,245,253
PDER,VB11,dopamine,245,259
PDER,VB02,dopamine,245,160
PDER,VB03,dopamine,245,191
PDER,VB04,dopamine,245,200
PDER,VB05,dopamine,245,207
PDER,VB06,dopamine,245,216
PDER,VB07,dopamine,245,223
PDER,VB08,dopamine,245,234
PDER,VB09,dopamine,245,239
ADEL,ADEL,dopamine,170,170
ADEL,ADER,dopamine,170,171
ADER,ADEL,dopamine,171,170
ADER,ADER,dopamine,171,171
ADEL,CEPDL,dopamine,170,59
ADEL,CEPDR,dopamine,170,75
ADEL,CEPVL,dopamine,170,52
ADEL,CEPVR,dopamine,170,60
ADER,CEPDL,dopamine,171,59
ADER,CEPDR,dopamine,171,75
ADER,CEPVL,dopamine,171,52
ADER,CEPVR,dopamine,171,60
ADEL,PDA,dopamine,170,278
ADER,PDA,dopamine,171,278
ADEL,PDEL,dopamine,170,244
ADEL,PDER,dopamine,170,245
ADER,PDEL,dopamine,171,244
ADER,PDER,dopamine,171,245
ADEL,RIAL,dopamine,170,76
ADEL,RIAR,dopamine,170,77
ADER,RIAL,dopamine,171,76
ADER,RIAR,dopamine,171,77
ADEL,RID,dopamine,170,55
ADER,RID,dopamine,171,55
ADEL,SIADL,dopamine,170,130
ADEL,SIADR,dopamine,170,145
ADEL,SIAVL,dopamine,170,151
ADEL,SIAVR,dopamine,170,152
ADER,SIADL,dopamine,171,130
ADER,SIADR,dopamine,171,145
ADER,SIAVL,dopamine,171,151
ADER,SIAVR,dopamine,171,152
ADEL,SIBDL,dopamine,170,105
ADEL,SIBDR,dopamine,170,106
ADEL,SIBVL,dopamine,170,107
ADEL,SIBVR,dopamine,170,131
ADER,SIBDL,dopamine,171,105
ADER,SIBDR,dopamine,171,106
ADER,SIBVL,dopamine,171,107
ADER,SIBVR,dopamine,171,131
CEPDL,ADEL,dopamine,59,170
CEPDL,ADER,dopamine,59,171
CEPDR,ADEL,dopamine,75,170
CEPDR,ADER,dopamine,75,171
CEPVL,ADEL,dopamine,52,170
CEPVL,ADER,dopamine,52,171
CEPVR,ADEL,dopamine,60,170
CEPVR,ADER,dopamine,60,171
CEPDL,CEPDL,dopamine,59,59
CEPDL,CEPDR,dopamine,59,75
CEPDL,CEPVL,dopamine,59,52
CEPDL,CEPVR,dopamine,59,60
CEPDR,CEPDL,dopamine,75,59
CEPDR,CEPDR,dopamine,75,75
CEPDR,CEPVL,dopamine,75,52
CEPDR,CEPVR,dopamine,75,60
CEPVL,CEPDL,dopamine,52,59
CEPVL,CEPDR,dopamine,52,75
CEPVL,CEPVL,dopamine,52,52
CEPVL,CEPVR,dopamine,52,60
CEPVR,CEPDL,dopamine,60,59
CEPVR,CEPDR,dopamine,60,75
CEPVR,CEPVL,dopamine,60,52
CEPVR,CEPVR,dopamine,60,60
CEPDL,PDA,dopamine,59,278
CEPDR,PDA,dopamine,75,278
CEPVL,PDA,dopamine,52,278
CEPVR,PDA,dopamine,60,278
CEPDL,PDEL,dopamine,59,244
CEPDL,PDER,dopamine,59,245
CEPDR,PDEL,dopamine,75,244
CEPDR,PDER,dopamine,75,245
CEPVL,PDEL,dopamine,52,244
CEPVL,PDER,dopamine,52,245
CEPVR,PDEL,dopamine,60,244
CEPVR,PDER,dopamine,60,245
CEPDL,RIAL,dopamine,59,76
CEPDL,RIAR,dopamine,59,77
CEPDR,RIAL,dopamine,75,76
CEPDR,RIAR,dopamine,75,77
CEPVL,RIAL,dopamine,52,76
CEPVL,RIAR,dopamine,52,77
CEPVR,RIAL,dopamine,60,76
CEPVR,RIAR,dopamine,60,77
CEPDL,RID,dopamine,59,55
CEPDR,RID,dopamine,75,55
CEPVL,RID,dopamine,52,55
CEPVR,RID,dopamine,60,55
CEPDL,SIADL,dopamine,59,130
CEPDL,SIADR,dopamine,59,145
CEPDL,SIAVL,dopamine,59,151
CEPDL,SIAVR,dopamine,59,152
CEPDR,SIADL,dopamine,75,130
CEPDR,SIADR,dopamine,75,145
CEPDR,SIAVL,dopamine,75,151
CEPDR,SIAVR,dopamine,75,152
CEPVL,SIADL,dopamine,52,130
CEPVL,SIADR,dopamine,52,145
CEPVL,SIAVL,dopamine,52,151
CEPVL,SIAVR,dopamine,52,152
CEPVR,SIADL,dopamine,60,130
CEPVR,SIADR,dopamine,60,145
CEPVR,SIAVL,dopamine,60,151
CEPVR,SIAVR,dopamine,60,152
CEPDL,SIBDL,dopamine,59,105
CEPDL,SIBDR,dopamine,59,106
CEPDL,SIBVL,dopamine,59,107
CEPDL,SIBVR,dopamine,59,131
CEPDR,SIBDL,dopamine,75,105
CEPDR,SIBDR,dopamine,75,106
CEPDR,SIBVL,dopamine,75,107
CEPDR,SIBVR,dopamine,75,131
CEPVL,SIBDL,dopamine,52,105
CEPVL,SIBDR,dopamine,52,106
CEPVL,SIBVL,dopamine,52,107
CEPVL,SIBVR,dopamine,52,131
CEPVR,SIBDL,dopamine,60,105
CEPVR,SIBDR,dopamine,60,106
CEPVR,SIBVL,dopamine,60,107
CEPVR,SIBVR,dopamine,60,131
PDEL,ADEL,dopamine,244,170
PDEL,ADER,dopamine,244,171
PDER,ADEL,dopamine,245,170
PDER,ADER,dopamine,245,171
PDEL,CEPDL,dopamine,244,59
PDEL,CEPDR,dopamine,244,75
PDEL,CEPVL,dopamine,244,52
PDEL,CEPVR,dopamine,244,60
PDER,CEPDL,dopamine,245,59
PDER,CEPDR,dopamine,245,75
PDER,CEPVL,dopamine,245,52
PDER,CEPVR,dopamine,245,60
PDEL,PDA,dopamine,244,278
PDER,PDA,dopamine,245,278
PDEL,PDEL,dopamine,244,244
PDEL,PDER,dopamine,244,245
PDER,PDEL,dopamine,245,244
PDER,PDER,dopamine,245,245
PDEL,RIAL,dopamine,244,76
PDEL,RIAR,dopamine,244,77
PDER,RIAL,dopamine,245,76
PDER,RIAR,dopamine,245,77
PDEL,RID,dopamine,244,55
PDER,RID,dopamine,245,55
PDEL,SIADL,dopamine,244,130
PDEL,SIADR,dopamine,244,145
PDEL,SIAVL,dopamine,244,151
PDEL,SIAVR,dopamine,244,152
PDER,SIADL,dopamine,245,130
PDER,SIADR,dopamine,245,145
PDER,SIAVL,dopamine,245,151
PDER,SIAVR,dopamine,245,152
PDEL,SIBDL,dopamine,244,105
PDEL,SIBDR,dopamine,244,106
PDEL,SIBVL,dopamine,244,107
PDEL,SIBVR,dopamine,244,131
PDER,SIBDL,dopamine,245,105
PDER,SIBDR,dopamine,245,106
PDER,SIBVL,dopamine,245,107
PDER,SIBVR,dopamine,245,131
ADEL,AS01,dopamine,170,186
ADEL,AS10,dopamine,170,260
ADEL,AS11,dopamine,170,264
ADEL,AS02,dopamine,170,192
ADEL,AS03,dopamine,170,203
ADEL,AS04,dopamine,170,210
ADEL,AS05,dopamine,170,220
ADEL,AS06,dopamine,170,224
ADEL,AS07,dopamine,170,233
ADEL,AS08,dopamine,170,242
ADEL,AS09,dopamine,170,254
ADER,AS01,dopamine,171,186
ADER,AS10,dopamine,171,260
ADER,AS11,dopamine,171,264
ADER,AS02,dopamine,171,192
ADER,AS03,dopamine,171,203
ADER,AS04,dopamine,171,210
ADER,AS05,dopamine,171,220
ADER,AS06,dopamine,171,224
ADER,AS07,dopamine,171,233
ADER,AS08,dopamine,171,242
ADER,AS09,dopamine,171,254
ADEL,ASEL,dopamine,170,111
ADEL,ASER,dopamine,170,112
ADER,ASEL,dopamine,171,111
ADER,ASER,dopamine,171,112
ADEL,ASKL,dopamine,170,70
ADEL,ASKR,dopamine,170,71
ADER,ASKL,dopamine,171,70
ADER,ASKR,dopamine,171,71
ADEL,DA01,dopamine,170,187
ADEL,DA02,dopamine,170,193
ADEL,DA03,dopamine,170,205
ADEL,DA04,dopamine,170,214
ADEL,DA05,dopamine,170,228
ADEL,DA06,dopamine,170,248
ADEL,DA07,dopamine,170,261
ADEL,DA08,dopamine,170,268
ADEL,DA09,dopamine,170,269
ADER,DA01,dopamine,171,187
ADER,DA02,dopamine,171,193
ADER,DA03,dopamine,171,205
ADER,DA04,dopamine,171,214
ADER,DA05,dopamine,171,228
ADER,DA06,dopamine,171,248
ADER,DA07,dopamine,171,261
ADER,DA08,dopamine,171,268
ADER,DA09,dopamine,171,269
ADEL,DB01,dopamine,170,184
ADEL,DB02,dopamine,170,173
ADEL,DB03,dopamine,170,194
ADEL,DB04,dopamine,170,209
ADEL,DB05,dopamine,170,225
ADEL,DB06,dopamine,170,243
ADEL,DB07,dopamine,170,258
ADER,DB01,dopamine,171,184
ADER,DB02,dopamine,171,173
ADER,DB03,dopamine,171,194
ADER,DB04,dopamine,171,209
ADER,DB05,dopamine,171,225
ADER,DB06,dopamine,171,243
ADER,DB07,dopamine,171,258
ADEL,DD01,dopamine,170,185
ADEL,DD02,dopamine,170,202
ADEL,DD03,dopamine,170,215
ADEL,DD04,dopamine,170,236
ADEL,DD05,dopamine,170,255
ADEL,DD06,dopamine,170,270
ADER,DD01,dopamine,171,185
ADER,DD02,dopamine,171,202
ADER,DD03,dopamine,171,215
ADER,DD04,dopamine,171,236
ADER,DD05,dopamine,171,255
ADER,DD06,dopamine,171,270
ADEL,NSML,dopamine,170,12
ADEL,NSMR,dopamine,170,13
ADER,NSML,dopamine,171,12
ADER,NSMR,dopamine,171,13
ADEL,PVDL,dopamine,170,249
ADEL,PVDR,dopamine,170,250
ADER,PVDL,dopamine,171,249
ADER,PVDR,dopamine,171,250
ADEL,RICL,dopamine,170,143
ADEL,RICR,dopamine,170,150
ADER,RICL,dopamine,171,143
ADER,RICR,dopamine,171,150
ADEL,SIADL,dopamine,170,130
ADEL,SIADR,dopamine,170,145
ADEL,SIAVL,dopamine,170,151
ADEL,SIAVR,dopamine,170,152
ADER,SIADL,dopamine,171,130
ADER,SIADR,dopamine,171,145
ADER,SIAVL,dopamine,171,151
ADER,SIAVR,dopamine,171,152
ADEL,VA01,dopamine,170,183
ADEL,VA10,dopamine,170,257
ADEL,VA11,dopamine,170,263
ADEL,VA12,dopamine,170,273
ADEL,VA02,dopamine,170,190
ADEL,VA03,dopamine,170,197
ADEL,VA04,dopamine,170,206
ADEL,VA05,dopamine,170,212
ADEL,VA06,dopamine,170,222
ADEL,VA07,dopamine,170,231
ADEL,VA08,dopamine,170,238
ADEL,VA09,dopamine,170,252
ADER,VA01,dopamine,171,183
ADER,VA10,dopamine,171,257
ADER,VA11,dopamine,171,263
ADER,VA12,dopamine,171,273
ADER,VA02,dopamine,171,190
ADER,VA03,dopamine,171,197
ADER,VA04,dopamine,171,206
ADER,VA05,dopamine,171,212
ADER,VA06,dopamine,171,222
ADER,VA07,dopamine,171,231
ADER,VA08,dopamine,171,238
ADER,VA09,dopamine,171,252
ADEL,VB01,dopamine,170,175
ADEL,VB10,dopamine,170,253
ADEL,VB11,dopamine,170,259
ADEL,VB02,dopamine,170,160
ADEL,VB03,dopamine,170,191
ADEL,VB04,dopamine,170,200
ADEL,VB05,dopamine,170,207
ADEL,VB06,dopamine,170,216
ADEL,VB07,dopamine,170,223
ADEL,VB08,dopamine,170,234
ADEL,VB09,dopamine,170,239
ADER,VB01,dopamine,171,175
ADER,VB10,dopamine,171,253
ADER,VB11,dopamine,171,259
ADER,VB02,dopamine,171,160
ADER,VB03,dopamine,171,191
ADER,VB04,dopamine,171,200
ADER,VB05,dopamine,171,207
ADER,VB06,dopamine,171,216
ADER,VB07,dopamine,171,223
ADER,VB08,dopamine,171,234
ADER,VB09,dopamine,171,239
ADEL,VD01,dopamine,170,188
ADEL,VD10,dopamine,170,256
ADEL,VD11,dopamine,170,262
ADEL,VD12,dopamine,170,267
ADEL,VD13,dopamine,170,274
ADEL,VD02,dopamine,170,189
ADEL,VD03,dopamine,170,198
ADEL,VD04,dopamine,170,204
ADEL,VD05,dopamine,170,211
ADEL,VD06,dopamine,170,221
ADEL,VD07,dopamine,170,226
ADEL,VD08,dopamine,170,237
ADEL,VD09,dopamine,170,247
ADER,VD01,dopamine,171,188
ADER,VD10,dopamine,171,256
ADER,VD11,dopamine,171,262
ADER,VD12,dopamine,171,267
ADER,VD13,dopamine,171,274
ADER,VD02,dopamine,171,189
ADER,VD03,dopamine,171,198
ADER,VD04,dopamine,171,204
ADER,VD05,dopamine,171,211
ADER,VD06,dopamine,171,221
ADER,VD07,dopamine,171,226
ADER,VD08,dopamine,171,237
ADER,VD09,dopamine,171,247
CEPDL,AS01,dopamine,59,186
CEPDL,AS10,dopamine,59,260
CEPDL,AS11,dopamine,59,264
CEPDL,AS02,dopamine,59,192
CEPDL,AS03,dopamine,59,203
CEPDL,AS04,dopamine,59,210
CEPDL,AS05,dopamine,59,220
CEPDL,AS06,dopamine,59,224
CEPDL,AS07,dopamine,59,233
CEPDL,AS08,dopamine,59,242
CEPDL,AS09,dopamine,59,254
CEPDR,AS01,dopamine,75,186
CEPDR,AS10,dopamine,75,260
CEPDR,AS11,dopamine,75,264
CEPDR,AS02,dopamine,75,192
CEPDR,AS03,dopamine,75,203
CEPDR,AS04,dopamine,75,210
CEPDR,AS05,dopamine,75,220
CEPDR,AS06,dopamine,75,224
CEPDR,AS07,dopamine,75,233
CEPDR,AS08,dopamine,75,242
CEPDR,AS09,dopamine,75,254
CEPVL,AS01,dopamine,52,186
CEPVL,AS10,dopamine,52,260
CEPVL,AS11,dopamine,52,264
CEPVL,AS02,dopamine,52,192
CEPVL,AS03,dopamine,52,203
CEPVL,AS04,dopamine,52,210
CEPVL,AS05,dopamine,52,220
CEPVL,AS06,dopamine,52,224
CEPVL,AS07,dopamine,52,233
CEPVL,AS08,dopamine,52,242
CEPVL,AS09,dopamine,52,254
CEPVR,AS01,dopamine,60,186
CEPVR,AS10,dopamine,60,260
CEPVR,AS11,dopamine,60,264
CEPVR,AS02,dopamine,60,192
CEPVR,AS03,dopamine,60,203
CEPVR,AS04,dopamine,60,210
CEPVR,AS05,dopamine,60,220
CEPVR,AS06,dopamine,60,224
CEPVR,AS07,dopamine,60,233
CEPVR,AS08,dopamine,60,242
CEPVR,AS09,dopamine,60,254
CEPDL,ASEL,dopamine,59,111
CEPDL,ASER,dopamine,59,112
CEPDR,ASEL,dopamine,75,111
CEPDR,ASER,dopamine,75,112
CEPVL,ASEL,dopamine,52,111
CEPVL,ASER,dopamine,52,112
CEPVR,ASEL,dopamine,60,111
CEPVR,ASER,dopamine,60,112
CEPDL,ASKL,dopamine,59,70
CEPDL,ASKR,dopamine,59,71
CEPDR,ASKL,dopamine,75,70
CEPDR,ASKR,dopamine,75,71
CEPVL,ASKL,dopamine,52,70
CEPVL,ASKR,dopamine,52,71
CEPVR,ASKL,dopamine,60,70
CEPVR,ASKR,dopamine,60,71
CEPDL,DA01,dopamine,59,187
CEPDL,DA02,dopamine,59,193
CEPDL,DA03,dopamine,59,205
CEPDL,DA04,dopamine,59,214
CEPDL,DA05,dopamine,59,228
CEPDL,DA06,dopamine,59,248
CEPDL,DA07,dopamine,59,261
CEPDL,DA08,dopamine,59,268
CEPDL,DA09,dopamine,59,269
CEPDR,DA01,dopamine,75,187
CEPDR,DA02,dopamine,75,193
CEPDR,DA03,dopamine,75,205
CEPDR,DA04,dopamine,75,214
CEPDR,DA05,dopamine,75,228
CEPDR,DA06,dopamine,75,248
CEPDR,DA07,dopamine,75,261
CEPDR,DA08,dopamine,75,268
CEPDR,DA09,dopamine,75,269
CEPVL,DA01,dopamine,52,187
CEPVL,DA02,dopamine,52,193
CEPVL,DA03,dopamine,52,205
CEPVL,DA04,dopamine,52,214
CEPVL,DA05,dopamine,52,228
CEPVL,DA06,dopamine,52,248
CEPVL,DA07,dopamine,52,261
CEPVL,DA08,dopamine,52,268
CEPVL,DA09,dopamine,52,269
CEPVR,DA01,dopamine,60,187
CEPVR,DA02,dopamine,60,193
CEPVR,DA03,dopamine,60,205
CEPVR,DA04,dopamine,60,214
CEPVR,DA05,dopamine,60,228
CEPVR,DA06,dopamine,60,248
CEPVR,DA07,dopamine,60,261
CEPVR,DA08,dopamine,60,268
CEPVR,DA09,dopamine,60,269
CEPDL,DB01,dopamine,59,184
CEPDL,DB02,dopamine,59,173
CEPDL,DB03,dopamine,59,194
CEPDL,DB04,dopamine,59,209
CEPDL,DB05,dopamine,59,225
CEPDL,DB06,dopamine,59,243
CEPDL,DB07,dopamine,59,258
CEPDR,DB01,dopamine,75,184
CEPDR,DB02,dopamine,75,173
CEPDR,DB03,dopamine,75,194
CEPDR,DB04,dopamine,75,209
CEPDR,DB05,dopamine,75,225
CEPDR,DB06,dopamine,75,243
CEPDR,DB07,dopamine,75,258
CEPVL,DB01,dopamine,52,184
CEPVL,DB02,dopamine,52,173
CEPVL,DB03,dopamine,52,194
CEPVL,DB04,dopamine,52,209
CEPVL,DB05,dopamine,52,225
CEPVL,DB06,dopamine,52,243
CEPVL,DB07,dopamine,52,258
CEPVR,DB01,dopamine,60,184
CEPVR,DB02,dopamine,60,173
CEPVR,DB03,dopamine,60,194
CEPVR,DB04,dopamine,60,209
CEPVR,DB05,dopamine,60,225
CEPVR,DB06,dopamine,60,243
CEPVR,DB07,dopamine,60,258
CEPDL,DD01,dopamine,59,185
CEPDL,DD02,dopamine,59,202
CEPDL,DD03,dopamine,59,215
CEPDL,DD04,dopamine,59,236
CEPDL,DD05,dopamine,59,255
CEPDL,DD06,dopamine,59,270
CEPDR,DD01,dopamine,75,185
CEPDR,DD02,dopamine,75,202
CEPDR,DD03,dopamine,75,215
CEPDR,DD04,dopamine,75,236
CEPDR,DD05,dopamine,75,255
CEPDR,DD06,dopamine,75,270
CEPVL,DD01,dopamine,52,185
CEPVL,DD02,dopamine,52,202
CEPVL,DD03,dopamine,52,215
CEPVL,DD04,dopamine,52,236
CEPVL,DD05,dopamine,52,255
CEPVL,DD06,dopamine,52,270
CEPVR,DD01,dopamine,60,185
CEPVR,DD02,dopamine,60,202
CEPVR,DD03,dopamine,60,215
CEPVR,DD04,dopamine,60,236
CEPVR,DD05,dopamine,60,255
CEPVR,DD06,dopamine,60,270
CEPDL,NSML,dopamine,59,12
CEPDL,NSMR,dopamine,59,13
CEPDR,NSML,dopamine,75,12
CEPDR,NSMR,dopamine,75,13
CEPVL,NSML,dopamine,52,12
CEPVL,NSMR,dopamine,52,13
CEPVR,NSML,dopamine,60,12
CEPVR,NSMR,dopamine,60,13
CEPDL,PVDL,dopamine,59,249
CEPDL,PVDR,dopamine,59,250
CEPDR,PVDL,dopamine,75,249
CEPDR,PVDR,dopamine,75,250
CEPVL,PVDL,dopamine,52,249
CEPVL,PVDR,dopamine,52,250
CEPVR,PVDL,dopamine,60,249
CEPVR,PVDR,dopamine,60,250
CEPDL,RICL,dopamine,59,143
CEPDL,RICR,dopamine,59,150
CEPDR,RICL,dopamine,75,143
CEPDR,RICR,dopamine,75,150
CEPVL,RICL,dopamine,52,143
CEPVL,RICR,dopamine,52,150
CEPVR,RICL,dopamine,60,143
CEPVR,RICR,dopamine,60,150
CEPDL,SIADL,dopamine,59,130
CEPDL,SIADR,dopamine,59,145
CEPDL,SIAVL,dopamine,59,151
CEPDL,SIAVR,dopamine,59,152
CEPDR,SIADL,dopamine,75,130
CEPDR,SIADR,dopamine,75,145
CEPDR,SIAVL,dopamine,75,151
CEPDR,SIAVR,dopamine,75,152
CEPVL,SIADL,dopamine,52,130
CEPVL,SIADR,dopamine,52,145
CEPVL,SIAVL,dopamine,52,151
CEPVL,SIAVR,dopamine,52,152
CEPVR,SIADL,dopamine,60,130
CEPVR,SIADR,dopamine,60,145
CEPVR,SIAVL,dopamine,60,151
CEPVR,SIAVR,dopamine,60,152
CEPDL,VA01,dopamine,59,183
CEPDL,VA10,dopamine,59,257
CEPDL,VA11,dopamine,59,263
CEPDL,VA12,dopamine,59,273
CEPDL,VA02,dopamine,59,190
CEPDL,VA03,dopamine,59,197
CEPDL,VA04,dopamine,59,206
CEPDL,VA05,dopamine,59,212
CEPDL,VA06,dopamine,59,222
CEPDL,VA07,dopamine,59,231
CEPDL,VA08,dopamine,59,238
CEPDL,VA09,dopamine,59,252
CEPDR,VA01,dopamine,75,183
CEPDR,VA10,dopamine,75,257
CEPDR,VA11,dopamine,75,263
CEPDR,VA12,dopamine,75,273
CEPDR,VA02,dopamine,75,190
CEPDR,VA03,dopamine,75,197
CEPDR,VA04,dopamine,75,206
CEPDR,VA05,dopamine,75,212
CEPDR,VA06,dopamine,75,222
CEPDR,VA07,dopamine,75,231
CEPDR,VA08,dopamine,75,238
CEPDR,VA09,dopamine,75,252
CEPVL,VA01,dopamine,52,183
CEPVL,VA10,dopamine,52,257
CEPVL,VA11,dopamine,52,263
CEPVL,VA12,dopamine,52,273
CEPVL,VA02,dopamine,52,190
CEPVL,VA03,dopamine,52,197
CEPVL,VA04,dopamine,52,206
CEPVL,VA05,dopamine,52,212
CEPVL,VA06,dopamine,52,222
CEPVL,VA07,dopamine,52,231
CEPVL,VA08,dopamine,52,238
CEPVL,VA09,dopamine,52,252
CEPVR,VA01,dopamine,60,183
CEPVR,VA10,dopamine,60,257
CEPVR,VA11,dopamine,60,263
CEPVR,VA12,dopamine,60,273
CEPVR,VA02,dopamine,60,190
CEPVR,VA03,dopamine,60,197
CEPVR,VA04,dopamine,60,206
CEPVR,VA05,dopamine,60,212
CEPVR,VA06,dopamine,60,222
CEPVR,VA07,dopamine,60,231
CEPVR,VA08,dopamine,60,238
CEPVR,VA09,dopamine,60,252
CEPDL,VB01,dopamine,59,175
CEPDL,VB10,dopamine,59,253
CEPDL,VB11,dopamine,59,259
CEPDL,VB02,dopamine,59,160
CEPDL,VB03,dopamine,59,191
CEPDL,VB04,dopamine,59,200
CEPDL,VB05,dopamine,59,207
CEPDL,VB06,dopamine,59,216
CEPDL,VB07,dopamine,59,223
CEPDL,VB08,dopamine,59,234
CEPDL,VB09,dopamine,59,239
CEPDR,VB01,dopamine,75,175
CEPDR,VB10,dopamine,75,253
CEPDR,VB11,dopamine,75,259
CEPDR,VB02,dopamine,75,160
CEPDR,VB03,dopamine,75,191
CEPDR,VB04,dopamine,75,200
CEPDR,VB05,dopamine,75,207
CEPDR,VB06,dopamine,75,216
CEPDR,VB07,dopamine,75,223
CEPDR,VB08,dopamine,75,234
CEPDR,VB09,dopamine,75,239
CEPVL,VB01,dopamine,52,175
CEPVL,VB10,dopamine,52,253
CEPVL,VB11,dopamine,52,259
CEPVL,VB02,dopamine,52,160
CEPVL,VB03,dopamine,52,191
CEPVL,VB04,dopamine,52,200
CEPVL,VB05,dopamine,52,207
CEPVL,VB06,dopamine,52,216
CEPVL,VB07,dopamine,52,223
CEPVL,VB08,dopamine,52,234
CEPVL,VB09,dopamine,52,239
CEPVR,VB01,dopamine,60,175
CEPVR,VB10,dopamine,60,253
CEPVR,VB11,dopamine,60,259
CEPVR,VB02,dopamine,60,160
CEPVR,VB03,dopamine,60,191
CEPVR,VB04,dopamine,60,200
CEPVR,VB05,dopamine,60,207
CEPVR,VB06,dopamine,60,216
CEPVR,VB07,dopamine,60,223
CEPVR,VB08,dopamine,60,234
CEPVR,VB09,dopamine,60,239
CEPDL,VD01,dopamine,59,188
CEPDL,VD10,dopamine,59,256
CEPDL,VD11,dopamine,59,262
CEPDL,VD12,dopamine,59,267
CEPDL,VD13,dopamine,59,274
CEPDL,VD02,dopamine,59,189
CEPDL,VD03,dopamine,59,198
CEPDL,VD04,dopamine,59,204
CEPDL,VD05,dopamine,59,211
CEPDL,VD06,dopamine,59,221
CEPDL,VD07,dopamine,59,226
CEPDL,VD08,dopamine,59,237
CEPDL,VD09,dopamine,59,247
CEPDR,VD01,dopamine,75,188
CEPDR,VD10,dopamine,75,256
CEPDR,VD11,dopamine,75,262
CEPDR,VD12,dopamine,75,267
CEPDR,VD13,dopamine,75,274
CEPDR,VD02,dopamine,75,189
CEPDR,VD03,dopamine,75,198
CEPDR,VD04,dopamine,75,204
CEPDR,VD05,dopamine,75,211
CEPDR,VD06,dopamine,75,221
CEPDR,VD07,dopamine,75,226
CEPDR,VD08,dopamine,75,237
CEPDR,VD09,dopamine,75,247
CEPVL,VD01,dopamine,52,188
CEPVL,VD10,dopamine,52,256
CEPVL,VD11,dopamine,52,262
CEPVL,VD12,dopamine,52,267
CEPVL,VD13,dopamine,52,274
CEPVL,VD02,dopamine,52,189
CEPVL,VD03,dopamine,52,198
CEPVL,VD04,dopamine,52,204
CEPVL,VD05,dopamine,52,211
CEPVL,VD06,dopamine,52,221
CEPVL,VD07,dopamine,52,226
CEPVL,VD08,dopamine,52,237
CEPVL,VD09,dopamine,52,247
CEPVR,VD01,dopamine,60,188
CEPVR,VD10,dopamine,60,256
CEPVR,VD11,dopamine,60,262
CEPVR,VD12,dopamine,60,267
CEPVR,VD13,dopamine,60,274
CEPVR,VD02,dopamine,60,189
CEPVR,VD03,dopamine,60,198
CEPVR,VD04,dopamine,60,204
CEPVR,VD05,dopamine,60,211
CEPVR,VD06,dopamine,60,221
CEPVR,VD07,dopamine,60,226
CEPVR,VD08,dopamine,60,237
CEPVR,VD09,dopamine,60,247
PDEL,AS01,dopamine,244,186
PDEL,AS10,dopamine,244,260
PDEL,AS11,dopamine,244,264
PDEL,AS02,dopamine,244,192
PDEL,AS03,dopamine,244,203
PDEL,AS04,dopamine,244,210
PDEL,AS05,dopamine,244,220
PDEL,AS06,dopamine,244,224
PDEL,AS07,dopamine,244,233
PDEL,AS08,dopamine,244,242
PDEL,AS09,dopamine,244,254
PDER,AS01,dopamine,245,186
PDER,AS10,dopamine,245,260
PDER,AS11,dopamine,245,264
PDER,AS02,dopamine,245,192
PDER,AS03,dopamine,245,203
PDER,AS04,dopamine,245,210
PDER,AS05,dopamine,245,220
PDER,AS06,dopamine,245,224
PDER,AS07,dopamine,245,233
PDER,AS08,dopamine,245,242
PDER,AS09,dopamine,245,254
PDEL,ASEL,dopamine,244,111
PDEL,ASER,dopamine,244,112
PDER,ASEL,dopamine,245,111
PDER,ASER,dopamine,245,112
PDEL,ASKL,dopamine,244,70
PDEL,ASKR,dopamine,244,71
PDER,ASKL,dopamine,245,70
PDER,ASKR,dopamine,245,71
PDEL,DA01,dopamine,244,187
PDEL,DA02,dopamine,244,193
PDEL,DA03,dopamine,244,205
PDEL,DA04,dopamine,244,214
PDEL,DA05,dopamine,244,228
PDEL,DA06,dopamine,244,248
PDEL,DA07,dopamine,244,261
PDEL,DA08,dopamine,244,268
PDEL,DA09,dopamine,244,269
PDER,DA01,dopamine,245,187
PDER,DA02,dopamine,245,193
PDER,DA03,dopamine,245,205
PDER,DA04,dopamine,245,214
PDER,DA05,dopamine,245,228
PDER,DA06,dopamine,245,248
PDER,DA07,dopamine,245,261
PDER,DA08,dopamine,245,268
PDER,DA09,dopamine,245,269
PDEL,DB01,dopamine,244,184
PDEL,DB02,dopamine,244,173
PDEL,DB03,dopamine,244,194
PDEL,DB04,dopamine,244,209
PDEL,DB05,dopamine,244,225
PDEL,DB06,dopamine,244,243
PDEL,DB07,dopamine,244,258
PDER,DB01,dopamine,245,184
PDER,DB02,dopamine,245,173
PDER,DB03,dopamine,245,194
PDER,DB04,dopamine,245,209
PDER,DB05,dopamine,245,225
PDER,DB06,dopamine,245,243
PDER,DB07,dopamine,245,258
PDEL,DD01,dopamine,244,185
PDEL,DD02,dopamine,244,202
PDEL,DD03,dopamine,244,215
PDEL,DD04,dopamine,244,236
PDEL,DD05,dopamine,244,255
PDEL,DD06,dopamine,244,270
PDER,DD01,dopamine,245,185
PDER,DD02,dopamine,245,202
PDER,DD03,dopamine,245,215
PDER,DD04,dopamine,245,236
PDER,DD05,dopamine,245,255
PDER,DD06,dopamine,245,270
PDEL,NSML,dopamine,244,12
PDEL,NSMR,dopamine,244,13
PDER,NSML,dopamine,245,12
PDER,NSMR,dopamine,245,13
PDEL,PVDL,dopamine,244,249
PDEL,PVDR,dopamine,244,250
PDER,PVDL,dopamine,245,249
PDER,PVDR,dopamine,245,250
PDEL,RICL,dopamine,244,143
PDEL,RICR,dopamine,244,150
PDER,RICL,dopamine,245,143
PDER,RICR,dopamine,245,150
PDEL,SIADL,dopamine,244,130
PDEL,SIADR,dopamine,244,145
PDEL,SIAVL,dopamine,244,151
PDEL,SIAVR,dopamine,244,152
PDER,SIADL,dopamine,245,130
PDER,SIADR,dopamine,245,145
PDER,SIAVL,dopamine,245,151
PDER,SIAVR,dopamine,245,152
PDEL,VA01,dopamine,244,183
PDEL,VA10,dopamine,244,257
PDEL,VA11,dopamine,244,263
PDEL,VA12,dopamine,244,273
PDEL,VA02,dopamine,244,190
PDEL,VA03,dopamine,244,197
PDEL,VA04,dopamine,244,206
PDEL,VA05,dopamine,244,212
PDEL,VA06,dopamine,244,222
PDEL,VA07,dopamine,244,231
PDEL,VA08,dopamine,244,238
PDEL,VA09,dopamine,244,252
PDER,VA01,dopamine,245,183
PDER,VA10,dopamine,245,257
PDER,VA11,dopamine,245,263
PDER,VA12,dopamine,245,273
PDER,VA02,dopamine,245,190
PDER,VA03,dopamine,245,197
PDER,VA04,dopamine,245,206
PDER,VA05,dopamine,245,212
PDER,VA06,dopamine,245,222
PDER,VA07,dopamine,245,231
PDER,VA08,dopamine,245,238
PDER,VA09,dopamine,245,252
PDEL,VB01,dopamine,244,175
PDEL,VB10,dopamine,244,253
PDEL,VB11,dopamine,244,259
PDEL,VB02,dopamine,244,160
PDEL,VB03,dopamine,244,191
PDEL,VB04,dopamine,244,200
PDEL,VB05,dopamine,244,207
PDEL,VB06,dopamine,244,216
PDEL,VB07,dopamine,244,223
PDEL,VB08,dopamine,244,234
PDEL,VB09,dopamine,244,239
PDER,VB01,dopamine,245,175
PDER,VB10,dopamine,245,253
PDER,VB11,dopamine,245,259
PDER,VB02,dopamine,245,160
PDER,VB03,dopamine,245,191
PDER,VB04,dopamine,245,200
PDER,VB05,dopamine,245,207
PDER,VB06,dopamine,245,216
PDER,VB07,dopamine,245,223
PDER,VB08,dopamine,245,234
PDER,VB09,dopamine,245,239
PDEL,VD01,dopamine,244,188
PDEL,VD10,dopamine,244,256
PDEL,VD11,dopamine,244,262
PDEL,VD12,dopamine,244,267
PDEL,VD13,dopamine,244,274
PDEL,VD02,dopamine,244,189
PDEL,VD03,dopamine,244,198
PDEL,VD04,dopamine,244,204
PDEL,VD05,dopamine,244,211
PDEL,VD06,dopamine,244,221
PDEL,VD07,dopamine,244,226
PDEL,VD08,dopamine,244,237
PDEL,VD09,dopamine,244,247
PDER,VD01,dopamine,245,188
PDER,VD10,dopamine,245,256
PDER,VD11,dopamine,245,262
PDER,VD12,dopamine,245,267
PDER,VD13,dopamine,245,274
PDER,VD02,dopamine,245,189
PDER,VD03,dopamine,245,198
PDER,VD04,dopamine,245,204
PDER,VD05,dopamine,245,211
PDER,VD06,dopamine,245,221
PDER,VD07,dopamine,245,226
PDER,VD08,dopamine,245,237
PDER,VD09,dopamine,245,247
ADEL,ASGL,dopamine,170,87
ADEL,ASGR,dopamine,170,88
ADER,ASGL,dopamine,171,87
ADER,ASGR,dopamine,171,88
ADEL,AVL,dopamine,170,142
ADER,AVL,dopamine,171,142
ADEL,CANL,dopamine,170,240
ADEL,CANR,dopamine,170,241
ADER,CANL,dopamine,171,240
ADER,CANR,dopamine,171,241
ADEL,I1L,dopamine,170,1
ADEL,I1R,dopamine,170,2
ADER,I1L,dopamine,171,1
ADER,I1R,dopamine,171,2
ADEL,I2L,dopamine,170,3
ADEL,I2R,dopamine,170,4
ADER,I2L,dopamine,171,3
ADER,I2R,dopamine,171,4
ADEL,PQR,dopamine,170,289
ADER,PQR,dopamine,171,289
CEPDL,ASGL,dopamine,59,87
CEPDL,ASGR,dopamine,59,88
CEPDR,ASGL,dopamine,75,87
CEPDR,ASGR,dopamine,75,88
CEPVL,ASGL,dopamine,52,87
CEPVL,ASGR,dopamine,52,88
CEPVR,ASGL,dopamine,60,87
CEPVR,ASGR,dopamine,60,88
CEPDL,AVL,dopamine,59,142
CEPDR,AVL,dopamine,75,142
CEPVL,AVL,dopamine,52,142
CEPVR,AVL,dopamine,60,142
CEPDL,CANL,dopamine,59,240
CEPDL,CANR,dopamine,59,241
CEPDR,CANL,dopamine,75,240
CEPDR,CANR,dopamine,75,241
CEPVL,CANL,dopamine,52,240
CEPVL,CANR,dopamine,52,241
CEPVR,CANL,dopamine,60,240
CEPVR,CANR,dopamine,60,241
CEPDL,I1L,dopamine,59,1
CEPDL,I1R,dopamine,59,2
CEPDR,I1L,dopamine,75,1
CEPDR,I1R,dopamine,75,2
CEPVL,I1L,dopamine,52,1
CEPVL,I1R,dopamine,52,2
CEPVR,I1L,dopamine,60,1
CEPVR,I1R,dopamine,60,2
CEPDL,I2L,dopamine,59,3
CEPDL,I2R,dopamine,59,4
CEPDR,I2L,dopamine,75,3
CEPDR,I2R,dopamine,75,4
CEPVL,I2L,dopamine,52,3
CEPVL,I2R,dopamine,52,4
CEPVR,I2L,dopamine,60,3
CEPVR,I2R,dopamine,60,4
CEPDL,PQR,dopamine,59,289
CEPDR,PQR,dopamine,75,289
CEPVL,PQR,dopamine,52,289
CEPVR,PQR,dopamine,60,289
PDEL,ASGL,dopamine,244,87
PDEL,ASGR,dopamine,244,88
PDER,ASGL,dopamine,245,87
PDER,ASGR,dopamine,245,88
PDEL,AVL,dopamine,244,142
PDER,AVL,dopamine,245,142
PDEL,CANL,dopamine,244,240
PDEL,CANR,dopamine,244,241
PDER,CANL,dopamine,245,240
PDER,CANR,dopamine,245,241
PDEL,I1L,dopamine,244,1
PDEL,I1R,dopamine,244,2
PDER,I1L,dopamine,245,1
PDER,I1R,dopamine,245,2
PDEL,I2L,dopamine,244,3
PDEL,I2R,dopamine,244,4
PDER,I2L,dopamine,245,3
PDER,I2R,dopamine,245,4
PDEL,PQR,dopamine,244,289
PDER,PQR,dopamine,245,289
ADEL,AIML,dopamine,170,155
ADEL,AIMR,dopamine,170,156
ADER,AIML,dopamine,171,155
ADER,AIMR,dopamine,171,156
ADEL,AVFL,dopamine,170,161
ADEL,AVFR,dopamine,170,162
ADER,AVFL,dopamine,171,161
ADER,AVFR,dopamine,171,162
ADEL,CANL,dopamine,170,240
ADEL,CANR,dopamine,170,241
ADER,CANL,dopamine,171,240
ADER,CANR,dopamine,171,241
ADEL,FLPL,dopamine,170,164
ADEL,FLPR,dopamine,170,165
ADER,FLPL,dopamine,171,164
ADER,FLPR,dopamine,171,165
ADEL,HSNL,dopamine,170,229
ADEL,HSNR,dopamine,170,230
ADER,HSNL,dopamine,171,229
ADER,HSNR,dopamine,171,230
ADEL,IL2DL,dopamine,170,21
ADEL,IL2DR,dopamine,170,25
ADEL,IL2L,dopamine,170,26
ADEL,IL2R,dopamine,170,33
ADEL,IL2VL,dopamine,170,27
ADEL,IL2VR,dopamine,170,34
ADER,IL2DL,dopamine,171,21
ADER,IL2DR,dopamine,171,25
ADER,IL2L,dopamine,171,26
ADER,IL2R,dopamine,171,33
ADER,IL2VL,dopamine,171,27
ADER,IL2VR,dopamine,171,34
ADEL,PVDL,dopamine,170,249
ADEL,PVDR,dopamine,170,250
ADER,PVDL,dopamine,171,249
ADER,PVDR,dopamine,171,250
ADEL,URYDL,dopamine,170,30
ADEL,URYDR,dopamine,170,40
ADEL,URYVL,dopamine,170,41
ADEL,URYVR,dopamine,170,50
ADER,URYDL,dopamine,171,30
ADER,URYDR,dopamine,171,40
ADER,URYVL,dopamine,171,41
ADER,URYVR,dopamine,171,50
ADEL,VA01,dopamine,170,183
ADEL,VA10,dopamine,170,257
ADEL,VA11,dopamine,170,263
ADEL,VA12,dopamine,170,273
ADEL,VA02,dopamine,170,190
ADEL,VA03,dopamine,170,197
ADEL,VA04,dopamine,170,206
ADEL,VA05,dopamine,170,212
ADEL,VA06,dopamine,170,222
ADEL,VA07,dopamine,170,231
ADEL,VA08,dopamine,170,238
ADEL,VA09,dopamine,170,252
ADER,VA01,dopamine,171,183
ADER,VA10,dopamine,171,257
ADER,VA11,dopamine,171,263
ADER,VA12,dopamine,171,273
ADER,VA02,dopamine,171,190
ADER,VA03,dopamine,171,197
ADER,VA04,dopamine,171,206
ADER,VA05,dopamine,171,212
ADER,VA06,dopamine,171,222
ADER,VA07,dopamine,171,231
ADER,VA08,dopamine,171,238
ADER,VA09,dopamine,171,252
CEPDL,AIML,dopamine,59,155
CEPDL,AIMR,dopamine,59,156
CEPDR,AIML,dopamine,75,155
CEPDR,AIMR,dopamine,75,156
CEPVL,AIML,dopamine,52,155
CEPVL,AIMR,dopamine,52,156
CEPVR,AIML,dopamine,60,155
CEPVR,AIMR,dopamine,60,156
CEPDL,AVFL,dopamine,59,161
CEPDL,AVFR,dopamine,59,162
CEPDR,AVFL,dopamine,75,161
CEPDR,AVFR,dopamine,75,162
CEPVL,AVFL,dopamine,52,161
CEPVL,AVFR,dopamine,52,162
CEPVR,AVFL,dopamine,60,161
CEPVR,AVFR,dopamine,60,162
CEPDL,CANL,dopamine,59,240
CEPDL,CANR,dopamine,59,241
CEPDR,CANL,dopamine,75,240
CEPDR,CANR,dopamine,75,241
CEPVL,CANL,dopamine,52,240
CEPVL,CANR,dopamine,52,241
CEPVR,CANL,dopamine,60,240
CEPVR,CANR,dopamine,60,241
CEPDL,FLPL,dopamine,59,164
CEPDL,FLPR,dopamine,59,165
CEPDR,FLPL,dopamine,75,164
CEPDR,FLPR,dopamine,75,165
CEPVL,FLPL,dopamine,52,164
CEPVL,FLPR,dopamine,52,165
CEPVR,FLPL,dopamine,60,164
CEPVR,FLPR,dopamine,60,165
CEPDL,HSNL,dopamine,59,229
CEPDL,HSNR,dopamine,59,230
CEPDR,HSNL,dopamine,75,229
CEPDR,HSNR,dopamine,75,230
CEPVL,HSNL,dopamine,52,229
CEPVL,HSNR,dopamine,52,230
CEPVR,HSNL,dopamine,60,229
CEPVR,HSNR,dopamine,60,230
CEPDL,IL2DL,dopamine,59,21
CEPDL,IL2DR,dopamine,59,25
CEPDL,IL2L,dopamine,59,26
CEPDL,IL2R,dopamine,59,33
CEPDL,IL2VL,dopamine,59,27
CEPDL,IL2VR,dopamine,59,34
CEPDR,IL2DL,dopamine,75,21
CEPDR,IL2DR,dopamine,75,25
CEPDR,IL2L,dopamine,75,26
CEPDR,IL2R,dopamine,75,33
CEPDR,IL2VL,dopamine,75,27
CEPDR,IL2VR,dopamine,75,34
CEPVL,IL2DL,dopamine,52,21
CEPVL,IL2DR,dopamine,52,25
CEPVL,IL2L,dopamine,52,26
CEPVL,IL2R,dopamine,52,33
CEPVL,IL2VL,dopamine,52,27
CEPVL,IL2VR,dopamine,52,34
CEPVR,IL2DL,dopamine,60,21
CEPVR,IL2DR,dopamine,60,25
CEPVR,IL2L,dopamine,60,26
CEPVR,IL2R,dopamine,60,33
CEPVR,IL2VL,dopamine,60,27
CEPVR,IL2VR,dopamine,60,34
CEPDL,PVDL,dopamine,59,249
CEPDL,PVDR,dopamine,59,250
CEPDR,PVDL,dopamine,75,249
CEPDR,PVDR,dopamine,75,250
CEPVL,PVDL,dopamine,52,249
CEPVL,PVDR,dopamine,52,250
CEPVR,PVDL,dopamine,60,249
CEPVR,PVDR,dopamine,60,250
CEPDL,URYDL,dopamine,59,30
CEPDL,URYDR,dopamine,59,40
CEPDL,URYVL,dopamine,59,41
CEPDL,URYVR,dopamine,59,50
CEPDR,URYDL,dopamine,75,30
CEPDR,URYDR,dopamine,75,40
CEPDR,URYVL,dopamine,75,41
CEPDR,URYVR,dopamine,75,50
CEPVL,URYDL,dopamine,52,30
CEPVL,URYDR,dopamine,52,40
CEPVL,URYVL,dopamine,52,41
CEPVL,URYVR,dopamine,52,50
CEPVR,URYDL,dopamine,60,30
CEPVR,URYDR,dopamine,60,40
CEPVR,URYVL,dopamine,60,41
CEPVR,URYVR,dopamine,60,50
CEPDL,VA01,dopamine,59,183
CEPDL,VA10,dopamine,59,257
CEPDL,VA11,dopamine,59,263
CEPDL,VA12,dopamine,59,273
CEPDL,VA02,dopamine,59,190
CEPDL,VA03,dopamine,59,197
CEPDL,VA04,dopamine,59,206
CEPDL,VA05,dopamine,59,212
CEPDL,VA06,dopamine,59,222
CEPDL,VA07,dopamine,59,231
CEPDL,VA08,dopamine,59,238
CEPDL,VA09,dopamine,59,252
CEPDR,VA01,dopamine,75,183
CEPDR,VA10,dopamine,75,257
CEPDR,VA11,dopamine,75,263
CEPDR,VA12,dopamine,75,273
CEPDR,VA02,dopamine,75,190
CEPDR,VA03,dopamine,75,197
CEPDR,VA04,dopamine,75,206
CEPDR,VA05,dopamine,75,212
CEPDR,VA06,dopamine,75,222
CEPDR,VA07,dopamine,75,231
CEPDR,VA08,dopamine,75,238
CEPDR,VA09,dopamine,75,252
CEPVL,VA01,dopamine,52,183
CEPVL,VA10,dopamine,52,257
CEPVL,VA11,dopamine,52,263
CEPVL,VA12,dopamine,52,273
CEPVL,VA02,dopamine,52,190
CEPVL,VA03,dopamine,52,197
CEPVL,VA04,dopamine,52,206
CEPVL,VA05,dopamine,52,212
CEPVL,VA06,dopamine,52,222
CEPVL,VA07,dopamine,52,231
CEPVL,VA08,dopamine,52,238
CEPVL,VA09,dopamine,52,252
CEPVR,VA01,dopamine,60,183
CEPVR,VA10,dopamine,60,257
CEPVR,VA11,dopamine,60,263
CEPVR,VA12,dopamine,60,273
CEPVR,VA02,dopamine,60,190
CEPVR,VA03,dopamine,60,197
CEPVR,VA04,dopamine,60,206
CEPVR,VA05,dopamine,60,212
CEPVR,VA06,dopamine,60,222
CEPVR,VA07,dopamine,60,231
CEPVR,VA08,dopamine,60,238
CEPVR,VA09,dopamine,60,252
PDEL,AIML,dopamine,244,155
PDEL,AIMR,dopamine,244,156
PDER,AIML,dopamine,245,155
PDER,AIMR,dopamine,245,156
PDEL,AVFL,dopamine,244,161
PDEL,AVFR,dopamine,244,162
PDER,AVFL,dopamine,245,161
PDER,AVFR,dopamine,245,162
PDEL,CANL,dopamine,244,240
PDEL,CANR,dopamine,244,241
PDER,CANL,dopamine,245,240
PDER,CANR,dopamine,245,241
PDEL,FLPL,dopamine,244,164
PDEL,FLPR,dopamine,244,165
PDER,FLPL,dopamine,245,164
PDER,FLPR,dopamine,245,165
PDEL,HSNL,dopamine,244,229
PDEL,HSNR,dopamine,244,230
PDER,HSNL,dopamine,245,229
PDER,HSNR,dopamine,245,230
PDEL,IL2DL,dopamine,244,21
PDEL,IL2DR,dopamine,244,25
PDEL,IL2L,dopamine,244,26
PDEL,IL2R,dopamine,244,33
PDEL,IL2VL,dopamine,244,27
PDEL,IL2VR,dopamine,244,34
PDER,IL2DL,dopamine,245,21
PDER,IL2DR,dopamine,245,25
PDER,IL2L,dopamine,245,26
PDER,IL2R,dopamine,245,33
PDER,IL2VL,dopamine,245,27
PDER,IL2VR,dopamine,245,34
PDEL,PVDL,dopamine,244,249
PDEL,PVDR,dopamine,244,250
PDER,PVDL,dopamine,245,249
PDER,PVDR,dopamine,245,250
PDEL,URYDL,dopamine,244,30
PDEL,URYDR,dopamine,244,40
PDEL,URYVL,dopamine,244,41
PDEL,URYVR,dopamine,244,50
PDER,URYDL,dopamine,245,30
PDER,URYDR,dopamine,245,40
PDER,URYVL,dopamine,245,41
PDER,URYVR,dopamine,245,50
PDEL,VA01,dopamine,244,183
PDEL,VA10,dopamine,244,257
PDEL,VA11,dopamine,244,263
PDEL,VA12,dopamine,244,273
PDEL,VA02,dopamine,244,190
PDEL,VA03,dopamine,244,197
PDEL,VA04,dopamine,244,206
PDEL,VA05,dopamine,244,212
PDEL,VA06,dopamine,244,222
PDEL,VA07,dopamine,244,231
PDEL,VA08,dopamine,244,238
PDEL,VA09,dopamine,244,252
PDER,VA01,dopamine,245,183
PDER,VA10,dopamine,245,257
PDER,VA11,dopamine,245,263
PDER,VA12,dopamine,245,273
PDER,VA02,dopamine,245,190
PDER,VA03,dopamine,245,197
PDER,VA04,dopamine,245,206
PDER,VA05,dopamine,245,212
PDER,VA06,dopamine,245,222
PDER,VA07,dopamine,245,231
PDER,VA08,dopamine,245,238
PDER,VA09,dopamine,245,252
ADFL,AIAL,serotonin,67,109
ADFL,AIAR,serotonin,67,134
ADFR,AIAL,serotonin,83,109
ADFR,AIAR,serotonin,83,134
ADFL,AIBL,serotonin,67,86
ADFL,AIBR,serotonin,67,110
ADFR,AIBL,serotonin,83,86
ADFR,AIBR,serotonin,83,110
ADFL,AIYL,serotonin,67,157
ADFL,AIYR,serotonin,67,154
ADFR,AIYL,serotonin,83,157
ADFR,AIYR,serotonin,83,154
ADFL,AIZL,serotonin,67,148
ADFL,AIZR,serotonin,67,149
ADFR,AIZL,serotonin,83,148
ADFR,AIZR,serotonin,83,149
ADFL,DD01,serotonin,67,185
ADFL,DD02,serotonin,67,202
ADFL,DD03,serotonin,67,215
ADFL,DD04,serotonin,67,236
ADFL,DD05,serotonin,67,255
ADFL,DD06,serotonin,67,270
ADFR,DD01,serotonin,83,185
ADFR,DD02,serotonin,83,202
ADFR,DD03,serotonin,83,215
ADFR,DD04,serotonin,83,236
ADFR,DD05,serotonin,83,255
ADFR,DD06,serotonin,83,270
ADFL,RICL,serotonin,67,143
ADFL,RICR,serotonin,67,150
ADFR,RICL,serotonin,83,143
ADFR,RICR,serotonin,83,150
ADFL,RID,serotonin,67,55
ADFR,RID,serotonin,83,55
ADFL,RIML,serotonin,67,123
ADFL,RIMR,serotonin,67,144
ADFR,RIML,serotonin,83,123
ADFR,RIMR,serotonin,83,144
ADFL,RMED,serotonin,67,46
ADFL,RMEL,serotonin,67,47
ADFL,RMER,serotonin,67,56
ADFL,RMEV,serotonin,67,63
ADFR,RMED,serotonin,83,46
ADFR,RMEL,serotonin,83,47
ADFR,RMER,serotonin,83,56
ADFR,RMEV,serotonin,83,63
ADFL,VD01,serotonin,67,188
ADFL,VD10,serotonin,67,256
ADFL,VD11,serotonin,67,262
ADFL,VD12,serotonin,67,267
ADFL,VD13,serotonin,67,274
ADFL,VD02,serotonin,67,189
ADFL,VD03,serotonin,67,198
ADFL,VD04,serotonin,67,204
ADFL,VD05,serotonin,67,211
ADFL,VD06,serotonin,67,221
ADFL,VD07,serotonin,67,226
ADFL,VD08,serotonin,67,237
ADFL,VD09,serotonin,67,247
ADFR,VD01,serotonin,83,188
ADFR,VD10,serotonin,83,256
ADFR,VD11,serotonin,83,262
ADFR,VD12,serotonin,83,267
ADFR,VD13,serotonin,83,274
ADFR,VD02,serotonin,83,189
ADFR,VD03,serotonin,83,198
ADFR,VD04,serotonin,83,204
ADFR,VD05,serotonin,83,211
ADFR,VD06,serotonin,83,221
ADFR,VD07,serotonin,83,226
ADFR,VD08,serotonin,83,237
ADFR,VD09,serotonin,83,247
HSNL,AIAL,serotonin,229,109
HSNL,AIAR,serotonin,229,134
HSNR,AIAL,serotonin,230,109
HSNR,AIAR,serotonin,230,134
HSNL,AIBL,serotonin,229,86
HSNL,AIBR,serotonin,229,110
HSNR,AIBL,serotonin,230,86
HSNR,AIBR,serotonin,230,110
HSNL,AIYL,serotonin,229,157
HSNL,AIYR,serotonin,229,154
HSNR,AIYL,serotonin,230,157
HSNR,AIYR,serotonin,230,154
HSNL,AIZL,serotonin,229,148
HSNL,AIZR,serotonin,229,149
HSNR,AIZL,serotonin,230,148
HSNR,AIZR,serotonin,230,149
HSNL,DD01,serotonin,229,185
HSNL,DD02,serotonin,229,202
HSNL,DD03,serotonin,229,215
HSNL,DD04,serotonin,229,236
HSNL,DD05,serotonin,229,255
HSNL,DD06,serotonin,229,270
HSNR,DD01,serotonin,230,185
HSNR,DD02,serotonin,230,202
HSNR,DD03,serotonin,230,215
HSNR,DD04,serotonin,230,236
HSNR,DD05,serotonin,230,255
HSNR,DD06,serotonin,230,270
HSNL,RICL,serotonin,229,143
HSNL,RICR,serotonin,229,150
HSNR,RICL,serotonin,230,143
HSNR,RICR,serotonin,230,150
HSNL,RID,serotonin,229,55
HSNR,RID,serotonin,230,55
HSNL,RIML,serotonin,229,123
HSNL,RIMR,serotonin,229,144
HSNR,RIML,serotonin,230,123
HSNR,RIMR,serotonin,230,144
HSNL,RMED,serotonin,229,46
HSNL,RMEL,serotonin,229,47
HSNL,RMER,serotonin,229,56
HSNL,RMEV,serotonin,229,63
HSNR,RMED,serotonin,230,46
HSNR,RMEL,serotonin,230,47
HSNR,RMER,serotonin,230,56
HSNR,RMEV,serotonin,230,63
HSNL,VD01,serotonin,229,188
HSNL,VD10,serotonin,229,256
HSNL,VD11,serotonin,229,262
HSNL,VD12,serotonin,229,267
HSNL,VD13,serotonin,229,274
HSNL,VD02,serotonin,229,189
HSNL,VD03,serotonin,229,198
HSNL,VD04,serotonin,229,204
HSNL,VD05,serotonin,229,211
HSNL,VD06,serotonin,229,221
HSNL,VD07,serotonin,229,226
HSNL,VD08,serotonin,229,237
HSNL,VD09,serotonin,229,247
HSNR,VD01,serotonin,230,188
HSNR,VD10,serotonin,230,256
HSNR,VD11,serotonin,230,262
HSNR,VD12,serotonin,230,267
HSNR,VD13,serotonin,230,274
HSNR,VD02,serotonin,230,189
HSNR,VD03,serotonin,230,198
HSNR,VD04,serotonin,230,204
HSNR,VD05,serotonin,230,211
HSNR,VD06,serotonin,230,221
HSNR,VD07,serotonin,230,226
HSNR,VD08,serotonin,230,237
HSNR,VD09,serotonin,230,247
NSML,AIAL,serotonin,12,109
NSML,AIAR,serotonin,12,134
NSMR,AIAL,serotonin,13,109
NSMR,AIAR,serotonin,13,134
NSML,AIBL,serotonin,12,86
NSML,AIBR,serotonin,12,110
NSMR,AIBL,serotonin,13,86
NSMR,AIBR,serotonin,13,110
NSML,AIYL,serotonin,12,157
NSML,AIYR,serotonin,12,154
NSMR,AIYL,serotonin,13,157
NSMR,AIYR,serotonin,13,154
NSML,AIZL,serotonin,12,148
NSML,AIZR,serotonin,12,149
NSMR,AIZL,serotonin,13,148
NSMR,AIZR,serotonin,13,149
NSML,DD01,serotonin,12,185
NSML,DD02,serotonin,12,202
NSML,DD03,serotonin,12,215
NSML,DD04,serotonin,12,236
NSML,DD05,serotonin,12,255
NSML,DD06,serotonin,12,270
NSMR,DD01,serotonin,13,185
NSMR,DD02,serotonin,13,202
NSMR,DD03,serotonin,13,215
NSMR,DD04,serotonin,13,236
NSMR,DD05,serotonin,13,255
NSMR,DD06,serotonin,13,270
NSML,RICL,serotonin,12,143
NSML,RICR,serotonin,12,150
NSMR,RICL,serotonin,13,143
NSMR,RICR,serotonin,13,150
NSML,RID,serotonin,12,55
NSMR,RID,serotonin,13,55
NSML,RIML,serotonin,12,123
NSML,RIMR,serotonin,12,144
NSMR,RIML,serotonin,13,123
NSMR,RIMR,serotonin,13,144
NSML,RMED,serotonin,12,46
NSML,RMEL,serotonin,12,47
NSML,RMER,serotonin,12,56
NSML,RMEV,serotonin,12,63
NSMR,RMED,serotonin,13,46
NSMR,RMEL,serotonin,13,47
NSMR,RMER,serotonin,13,56
NSMR,RMEV,serotonin,13,63
NSML,VD01,serotonin,12,188
NSML,VD10,serotonin,12,256
NSML,VD11,serotonin,12,262
NSML,VD12,serotonin,12,267
NSML,VD13,serotonin,12,274
NSML,VD02,serotonin,12,189
NSML,VD03,serotonin,12,198
NSML,VD04,serotonin,12,204
NSML,VD05,serotonin,12,211
NSML,VD06,serotonin,12,221
NSML,VD07,serotonin,12,226
NSML,VD08,serotonin,12,237
NSML,VD09,serotonin,12,247
NSMR,VD01,serotonin,13,188
NSMR,VD10,serotonin,13,256
NSMR,VD11,serotonin,13,262
NSMR,VD12,serotonin,13,267
NSMR,VD13,serotonin,13,274
NSMR,VD02,serotonin,13,189
NSMR,VD03,serotonin,13,198
NSMR,VD04,serotonin,13,204
NSMR,VD05,serotonin,13,211
NSMR,VD06,serotonin,13,221
NSMR,VD07,serotonin,13,226
NSMR,VD08,serotonin,13,237
NSMR,VD09,serotonin,13,247
ADFL,DVC,serotonin,67,277
ADFR,DVC,serotonin,83,277
ADFL,PVQL,serotonin,67,292
ADFL,PVQR,serotonin,67,280
ADFR,PVQL,serotonin,83,292
ADFR,PVQR,serotonin,83,280
ADFL,PVT,serotonin,67,266
ADFR,PVT,serotonin,83,266
ADFL,RIAL,serotonin,67,76
ADFL,RIAR,serotonin,67,77
ADFR,RIAL,serotonin,83,76
ADFR,RIAR,serotonin,83,77
ADFL,RICL,serotonin,67,143
ADFL,RICR,serotonin,67,150
ADFR,RICL,serotonin,83,143
ADFR,RICR,serotonin,83,150
ADFL,RMDDL,serotonin,67,101
ADFL,RMDDR,serotonin,67,126
ADFL,RMDL,serotonin,67,78
ADFL,RMDR,serotonin,67,79
ADFL,RMDVL,serotonin,67,61
ADFL,RMDVR,serotonin,67,62
ADFR,RMDDL,serotonin,83,101
ADFR,RMDDR,serotonin,83,126
ADFR,RMDL,serotonin,83,78
ADFR,RMDR,serotonin,83,79
ADFR,RMDVL,serotonin,83,61
ADFR,RMDVR,serotonin,83,62
ADFL,RMFL,serotonin,67,127
ADFL,RMFR,serotonin,67,128
ADFR,RMFL,serotonin,83,127
ADFR,RMFR,serotonin,83,128
ADFL,RMHL,serotonin,67,102
ADFL,RMHR,serotonin,67,129
ADFR,RMHL,serotonin,83,102
ADFR,RMHR,serotonin,83,129
ADFL,URYDL,serotonin,67,30
ADFL,URYDR,serotonin,67,40
ADFL,URYVL,serotonin,67,41
ADFL,URYVR,serotonin,67,50
ADFR,URYDL,serotonin,83,30
ADFR,URYDR,serotonin,83,40
ADFR,URYVL,serotonin,83,41
ADFR,URYVR,serotonin,83,50
HSNL,DVC,serotonin,229,277
HSNR,DVC,serotonin,230,277
HSNL,PVQL,serotonin,229,292
HSNL,PVQR,serotonin,229,280
HSNR,PVQL,serotonin,230,292
HSNR,PVQR,serotonin,230,280
HSNL,PVT,serotonin,229,266
HSNR,PVT,serotonin,230,266
HSNL,RIAL,serotonin,229,76
HSNL,RIAR,serotonin,229,77
HSNR,RIAL,serotonin,230,76
HSNR,RIAR,serotonin,230,77
HSNL,RICL,serotonin,229,143
HSNL,RICR,serotonin,229,150
HSNR,RICL,serotonin,230,143
HSNR,RICR,serotonin,230,150
HSNL,RMDDL,serotonin,229,101
HSNL,RMDDR,serotonin,229,126
HSNL,RMDL,serotonin,229,78
HSNL,RMDR,serotonin,229,79
HSNL,RMDVL,serotonin,229,61
HSNL,RMDVR,serotonin,229,62
HSNR,RMDDL,serotonin,230,101
HSNR,RMDDR,serotonin,230,126
HSNR,RMDL,serotonin,230,78
HSNR,RMDR,serotonin,230,79
HSNR,RMDVL,serotonin,230,61
HSNR,RMDVR,serotonin,230,62
HSNL,RMFL,serotonin,229,127
HSNL,RMFR,serotonin,229,128
HSNR,RMFL,serotonin,230,127
HSNR,RMFR,serotonin,230,128
HSNL,RMHL,serotonin,229,102
HSNL,RMHR,serotonin,229,129
HSNR,RMHL,serotonin,230,102
HSNR,RMHR,serotonin,230,129
HSNL,URYDL,serotonin,229,30
HSNL,URYDR,serotonin,229,40
HSNL,URYVL,serotonin,229,41
HSNL,URYVR,serotonin,229,50
HSNR,URYDL,serotonin,230,30
HSNR,URYDR,serotonin,230,40
HSNR,URYVL,serotonin,230,41
HSNR,URYVR,serotonin,230,50
NSML,DVC,serotonin,12,277
NSMR,DVC,serotonin,13,277
NSML,PVQL,serotonin,12,292
NSML,PVQR,serotonin,12,280
NSMR,PVQL,serotonin,13,292
NSMR,PVQR,serotonin,13,280
NSML,PVT,serotonin,12,266
NSMR,PVT,serotonin,13,266
NSML,RIAL,serotonin,12,76
NSML,RIAR,serotonin,12,77
NSMR,RIAL,serotonin,13,76
NSMR,RIAR,serotonin,13,77
NSML,RICL,serotonin,12,143
NSML,RICR,serotonin,12,150
NSMR,RICL,serotonin,13,143
NSMR,RICR,serotonin,13,150
NSML,RMDDL,serotonin,12,101
NSML,RMDDR,serotonin,12,126
NSML,RMDL,serotonin,12,78
NSML,RMDR,serotonin,12,79
NSML,RMDVL,serotonin,12,61
NSML,RMDVR,serotonin,12,62
NSMR,RMDDL,serotonin,13,101
NSMR,RMDDR,serotonin,13,126
NSMR,RMDL,serotonin,13,78
NSMR,RMDR,serotonin,13,79
NSMR,RMDVL,serotonin,13,61
NSMR,RMDVR,serotonin,13,62
NSML,RMFL,serotonin,12,127
NSML,RMFR,serotonin,12,128
NSMR,RMFL,serotonin,13,127
NSMR,RMFR,serotonin,13,128
NSML,RMHL,serotonin,12,102
NSML,RMHR,serotonin,12,129
NSMR,RMHL,serotonin,13,102
NSMR,RMHR,serotonin,13,129
NSML,URYDL,serotonin,12,30
NSML,URYDR,serotonin,12,40
NSML,URYVL,serotonin,12,41
NSML,URYVR,serotonin,12,50
NSMR,URYDL,serotonin,13,30
NSMR,URYDR,serotonin,13,40
NSMR,URYVL,serotonin,13,41
NSMR,URYVR,serotonin,13,50
ADFL,AIBL,serotonin,67,86
ADFL,AIBR,serotonin,67,110
ADFR,AIBL,serotonin,83,86
ADFR,AIBR,serotonin,83,110
ADFL,DVA,serotonin,67,275
ADFR,DVA,serotonin,83,275
ADFL,DVC,serotonin,67,277
ADFR,DVC,serotonin,83,277
ADFL,M1,serotonin,67,17
ADFR,M1,serotonin,83,17
ADFL,NSML,serotonin,67,12
ADFL,NSMR,serotonin,67,13
ADFR,NSML,serotonin,83,12
ADFR,NSMR,serotonin,83,13
ADFL,PVT,serotonin,67,266
ADFR,PVT,serotonin,83,266
ADFL,RIBL,serotonin,67,121
ADFL,RIBR,serotonin,67,122
ADFR,RIBL,serotonin,83,121
ADFR,RIBR,serotonin,83,122
ADFL,RIML,serotonin,67,123
ADFL,RIMR,serotonin,67,144
ADFR,RIML,serotonin,83,123
ADFR,RIMR,serotonin,83,144
ADFL,RIS,serotonin,67,159
ADFR,RIS,serotonin,83,159
HSNL,AIBL,serotonin,229,86
HSNL,AIBR,serotonin,229,110
HSNR,AIBL,serotonin,230,86
HSNR,AIBR,serotonin,230,110
HSNL,DVA,serotonin,229,275
HSNR,DVA,serotonin,230,275
HSNL,DVC,serotonin,229,277
HSNR,DVC,serotonin,230,277
HSNL,M1,serotonin,229,17
HSNR,M1,serotonin,230,17
HSNL,NSML,serotonin,229,12
HSNL,NSMR,serotonin,229,13
HSNR,NSML,serotonin,230,12
HSNR,NSMR,serotonin,230,13
HSNL,PVT,serotonin,229,266
HSNR,PVT,serotonin,230,266
HSNL,RIBL,serotonin,229,121
HSNL,RIBR,serotonin,229,122
HSNR,RIBL,serotonin,230,121
HSNR,RIBR,serotonin,230,122
HSNL,RIML,serotonin,229,123
HSNL,RIMR,serotonin,229,144
HSNR,RIML,serotonin,230,123
HSNR,RIMR,serotonin,230,144
HSNL,RIS,serotonin,229,159
HSNR,RIS,serotonin,230,159
NSML,AIBL,serotonin,12,86
NSML,AIBR,serotonin,12,110
NSMR,AIBL,serotonin,13,86
NSMR,AIBR,serotonin,13,110
NSML,DVA,serotonin,12,275
NSMR,DVA,serotonin,13,275
NSML,DVC,serotonin,12,277
NSMR,DVC,serotonin,13,277
NSML,M1,serotonin,12,17
NSMR,M1,serotonin,13,17
NSML,NSML,serotonin,12,12
NSML,NSMR,serotonin,12,13
NSMR,NSML,serotonin,13,12
NSMR,NSMR,serotonin,13,13
NSML,PVT,serotonin,12,266
NSMR,PVT,serotonin,13,266
NSML,RIBL,serotonin,12,121
NSML,RIBR,serotonin,12,122
NSMR,RIBL,serotonin,13,121
NSMR,RIBR,serotonin,13,122
NSML,RIML,serotonin,12,123
NSML,RIMR,serotonin,12,144
NSMR,RIML,serotonin,13,123
NSMR,RIMR,serotonin,13,144
NSML,RIS,serotonin,12,159
NSMR,RIS,serotonin,13,159
ADFL,ASHL,serotonin,67,89
ADFL,ASHR,serotonin,67,90
ADFR,ASHL,serotonin,83,89
ADFR,ASHR,serotonin,83,90
ADFL,AVJL,serotonin,67,119
ADFL,AVJR,serotonin,67,120
ADFR,AVJL,serotonin,83,119
ADFR,AVJR,serotonin,83,120
ADFL,AWBL,serotonin,67,95
ADFL,AWBR,serotonin,67,96
ADFR,AWBL,serotonin,83,95
ADFR,AWBR,serotonin,83,96
HSNL,ASHL,serotonin,229,89
HSNL,ASHR,serotonin,229,90
HSNR,ASHL,serotonin,230,89
HSNR,ASHR,serotonin,230,90
HSNL,AVJL,serotonin,229,119
HSNL,AVJR,serotonin,229,120
HSNR,AVJL,serotonin,230,119
HSNR,AVJR,serotonin,230,120
HSNL,AWBL,serotonin,229,95
HSNL,AWBR,serotonin,229,96
HSNR,AWBL,serotonin,230,95
HSNR,AWBR,serotonin,230,96
NSML,ASHL,serotonin,12,89
NSML,ASHR,serotonin,12,90
NSMR,ASHL,serotonin,13,89
NSMR,ASHR,serotonin,13,90
NSML,AVJL,serotonin,12,119
NSML,AVJR,serotonin,12,120
NSMR,AVJL,serotonin,13,119
NSMR,AVJR,serotonin,13,120
NSML,AWBL,serotonin,12,95
NSML,AWBR,serotonin,12,96
NSMR,AWBL,serotonin,13,95
NSMR,AWBR,serotonin,13,96
ADFL,I2L,serotonin,67,3
ADFL,I2R,serotonin,67,4
ADFR,I2L,serotonin,83,3
ADFR,I2R,serotonin,83,4
ADFL,I3,serotonin,67,5
ADFR,I3,serotonin,83,5
ADFL,I4,serotonin,67,14
ADFR,I4,serotonin,83,14
ADFL,I6,serotonin,67,16
ADFR,I6,serotonin,83,16
ADFL,M2L,serotonin,67,18
ADFL,M2R,serotonin,67,19
ADFR,M2L,serotonin,83,18
ADFR,M2R,serotonin,83,19
ADFL,M3L,serotonin,67,6
ADFL,M3R,serotonin,67,7
ADFR,M3L,serotonin,83,6
ADFR,M3R,serotonin,83,7
ADFL,M4,serotonin,67,8
ADFR,M4,serotonin,83,8
ADFL,M5,serotonin,67,20
ADFR,M5,serotonin,83,20
ADFL,MCL,serotonin,67,9
ADFL,MCR,serotonin,67,10
ADFR,MCL,serotonin,83,9
ADFR,MCR,serotonin,83,10
HSNL,I2L,serotonin,229,3
HSNL,I2R,serotonin,229,4
HSNR,I2L,serotonin,230,3
HSNR,I2R,serotonin,230,4
HSNL,I3,serotonin,229,5
HSNR,I3,serotonin,230,5
HSNL,I4,serotonin,229,14
HSNR,I4,serotonin,230,14
HSNL,I6,serotonin,229,16
HSNR,I6,serotonin,230,16
HSNL,M2L,serotonin,229,18
HSNL,M2R,serotonin,229,19
HSNR,M2L,serotonin,230,18
HSNR,M2R,serotonin,230,19
HSNL,M3L,serotonin,229,6
HSNL,M3R,serotonin,229,7
HSNR,M3L,serotonin,230,6
HSNR,M3R,serotonin,230,7
HSNL,M4,serotonin,229,8
HSNR,M4,serotonin,230,8
HSNL,M5,serotonin,229,20
HSNR,M5,serotonin,230,20
HSNL,MCL,serotonin,229,9
HSNL,MCR,serotonin,229,10
HSNR,MCL,serotonin,230,9
HSNR,MCR,serotonin,230,10
NSML,I2L,serotonin,12,3
NSML,I2R,serotonin,12,4
NSMR,I2L,serotonin,13,3
NSMR,I2R,serotonin,13,4
NSML,I3,serotonin,12,5
NSMR,I3,serotonin,13,5
NSML,I4,serotonin,12,14
NSMR,I4,serotonin,13,14
NSML,I6,serotonin,12,16
NSMR,I6,serotonin,13,16
NSML,M2L,serotonin,12,18
NSML,M2R,serotonin,12,19
NSMR,M2L,serotonin,13,18
NSMR,M2R,serotonin,13,19
NSML,M3L,serotonin,12,6
NSML,M3R,serotonin,12,7
NSMR,M3L,serotonin,13,6
NSMR,M3R,serotonin,13,7
NSML,M4,serotonin,12,8
NSMR,M4,serotonin,13,8
NSML,M5,serotonin,12,20
NSMR,M5,serotonin,13,20
NSML,MCL,serotonin,12,9
NSML,MCR,serotonin,12,10
NSMR,MCL,serotonin,13,9
NSMR,MCR,serotonin,13,10
