Sending,Receiving,Type,Number,IndexSending,IndexReceiving
I1L,I2L,G,2,1,3
I1L,M3L,G,2,1,6
I1L,MCR,G,1,1,10
I1L,NSML,G,3,1,12
I1R,I2R,G,1,2,4
I1R,I3,G,1,2,5
I1R,MCR,G,4,2,10
I1R,NSML,G,2,2,12
I2L,I1L,G,2,3,1
I2L,I4,G,1,3,14
I2L,M2L,G,1,3,18
I2R,I1R,G,1,4,2
I2R,M1,G,1,4,17
I2R,M2R,G,1,4,19
I2R,MCR,G,1,4,10
I2R,NSMR,G,1,4,13
I3,I1R,G,2,5,2
I3,M1,G,1,5,17
I3,M2R,G,1,5,19
I3,MI,G,1,5,11
I4,I2L,G,1,14,3
I4,M2R,G,2,14,19
I4,M4,G,1,14,8
I5,M2L,G,1,15,18
I5,M2R,G,1,15,19
I5,M5,G,1,15,20
I6,M4,G,5,16,8
M1,I2R,G,1,17,4
M1,I3,G,1,17,5
M2L,I2L,G,1,18,3
M2L,I5,G,1,18,15
M2L,M4,G,1,18,8
M2L,MCL,G,1,18,9
M2R,M2R,G,1,19,19
M2R,I3,G,1,19,5
M2R,I4,G,2,19,14
M2R,I5,G,1,19,15
M2R,M3R,G,1,19,7
M2R,MCR,G,11,19,10
M2R,MI,G,5,19,11
M3L,I1L,G,2,6,1
M3L,NSMR,G,1,6,13
M3R,M2R,G,1,7,19
M3R,NSMR,G,2,7,13
M4,I4,G,1,8,14
M4,I6,G,5,8,16
M4,M2L,G,1,8,18
M4,M4,G,1,8,8
M4,M5,G,2,8,20
M5,I5,G,1,20,15
M5,M4,G,2,20,8
M5,M5,G,1,20,20
MCL,M2L,G,1,9,18
MCR,I1L,G,1,10,1
MCR,I1R,G,4,10,2
MCR,I2R,G,1,10,4
MCR,M2R,G,11,10,19
MI,I3,G,1,11,5
MI,M2R,G,5,11,19
NSML,I1L,G,3,12,1
NSML,NSMR,G,2,12,13
NSMR,I1R,G,2,13,2
NSMR,I2R,G,2,13,4
NSMR,M3L,G,1,13,6
NSMR,M3R,G,2,13,7
NSMR,NSML,G,2,13,12
ADAR,ADAL,EJ,1,169,168
ADFL,ADAL,EJ,1,67,168
ASHL,ADAL,EJ,1,89,168
AVDR,ADAL,EJ,2,141,168
PVQL,ADAL,EJ,1,292,168
ADAL,ADAR,EJ,1,168,169
ADFR,ADAR,EJ,1,83,169
ASHR,ADAR,EJ,1,90,169
AVDL,ADAR,EJ,2,140,169
PVQR,ADAR,EJ,1,280,169
AINL,ADEL,EJ,1,135,170
AVKR,ADEL,EJ,1,158,170
AVKL,ADER,EJ,1,163,171
ADAL,ADFL,EJ,1,168,67
ADAR,ADFR,EJ,1,169,83
AIAR,ADFR,EJ,1,134,83
ADLR,ADLL,EJ,1,84,68
AVDR,ADLL,EJ,1,141,68
OLQVL,ADLL,EJ,1,44,68
RMGL,ADLL,EJ,1,179,68
ADLL,ADLR,EJ,1,68,84
AFDR,AFDL,EJ,1,85,69
AIBL,AFDL,EJ,1,86,69
AFDL,AFDR,EJ,1,69,85
AIBR,AFDR,EJ,1,110,85
AIAR,AIAL,EJ,1,134,109
ASIL,AIAL,EJ,2,91,109
AWAL,AIAL,EJ,1,93,109
ADFR,AIAR,EJ,1,83,134
AIAL,AIAR,EJ,1,109,134
ASIR,AIAR,EJ,2,113,134
AWAR,AIAR,EJ,1,94,134
AFDL,AIBL,EJ,1,69,86
DVC,AIBL,EJ,1,277,86
PVT,AIBL,EJ,1,266,86
RIGR,AIBL,EJ,3,178,86
RIMR,AIBL,EJ,1,144,86
RIVL,AIBL,EJ,1,100,86
AFDR,AIBR,EJ,1,85,110
DB01,AIBR,EJ,1,184,110
DVC,AIBR,EJ,2,277,110
PVT,AIBR,EJ,1,266,110
RIGL,AIBR,EJ,3,181,110
RIML,AIBR,EJ,1,123,110
RIS,AIBR,EJ,1,159,110
RIVR,AIBR,EJ,1,125,110
SIBDR,AIML,EJ,1,106,155
ADEL,AINL,EJ,1,170,135
AINR,AINL,EJ,2,136,135
ASGR,AINL,EJ,1,88,135
AUAR,AINL,EJ,1,139,135
AINL,AINR,EJ,2,135,136
ASGL,AINR,EJ,1,87,136
AUAL,AINR,EJ,1,114,136
AIYR,AIYL,EJ,1,154,157
RIML,AIYL,EJ,1,123,157
AIYL,AIYR,EJ,1,157,154
RIMR,AIYR,EJ,1,144,154
AIZR,AIZL,EJ,2,149,148
ASGL,AIZL,EJ,1,87,148
ASHL,AIZL,EJ,1,89,148
AIZL,AIZR,EJ,2,148,149
ASGR,AIZR,EJ,1,88,149
ASHR,AIZR,EJ,1,90,149
AWAR,AIZR,EJ,1,94,149
RID,ALA,EJ,1,55,58
AVM,ALML,EJ,1,213,217
PVR,ALML,EJ,1,293,217
AVM,ALMR,EJ,1,213,218
SMBDR,ALNL,EJ,1,153,281
AVBL,AQR,EJ,1,115,172
AVKL,AQR,EJ,2,163,172
AVKR,AQR,EJ,1,158,172
PVPL,AQR,EJ,7,272,172
PVPR,AQR,EJ,9,265,172
RIGL,AQR,EJ,2,181,172
RIGR,AQR,EJ,1,178,172
AVAL,AS01,EJ,3,72,186
AVAR,AS01,EJ,2,73,186
VA03,AS01,EJ,1,197,186
VD02,AS01,EJ,1,189,186
DA02,AS02,EJ,1,193,192
VA04,AS02,EJ,2,206,192
AVAL,AS03,EJ,2,72,203
AVAR,AS03,EJ,1,73,203
DA02,AS03,EJ,1,193,203
VA05,AS03,EJ,2,212,203
DA03,AS04,EJ,1,205,210
AVAL,AS05,EJ,1,72,220
AVAR,AS05,EJ,1,73,220
VA07,AS05,EJ,1,231,220
AVAL,AS06,EJ,1,72,224
AVAR,AS06,EJ,1,73,224
AVBR,AS06,EJ,1,116,224
DA05,AS06,EJ,2,228,224
VA08,AS06,EJ,1,238,224
AVAL,AS07,EJ,6,72,233
AVAR,AS07,EJ,5,73,233
AVBL,AS07,EJ,2,115,233
AVBR,AS07,EJ,2,116,233
AVAL,AS08,EJ,4,72,242
AVAR,AS08,EJ,3,73,242
AVAL,AS09,EJ,4,72,254
AVAR,AS09,EJ,1,73,254
DVB,AS09,EJ,7,276,254
AVAL,AS10,EJ,1,72,260
AVAR,AS10,EJ,1,73,260
PDB,AS11,EJ,2,271,264
AINR,ASGL,EJ,1,136,87
AIZL,ASGL,EJ,1,148,87
AINL,ASGR,EJ,1,135,88
AIZR,ASGR,EJ,1,149,88
ADAL,ASHL,EJ,1,168,89
AIZL,ASHL,EJ,1,148,89
ASHR,ASHL,EJ,1,90,89
RICL,ASHL,EJ,2,143,89
RMGL,ASHL,EJ,1,179,89
ADAR,ASHR,EJ,1,169,90
AIZR,ASHR,EJ,1,149,90
ASHL,ASHR,EJ,1,89,90
ASKR,ASHR,EJ,1,71,90
RICR,ASHR,EJ,2,150,90
RMGR,ASHR,EJ,1,180,90
AIAL,ASIL,EJ,2,109,91
ASIR,ASIL,EJ,1,113,91
AIAR,ASIR,EJ,2,134,113
ASIL,ASIR,EJ,1,91,113
ASJR,ASJL,EJ,1,138,137
ASJL,ASJR,EJ,1,137,138
ASKR,ASKL,EJ,1,71,70
PVQL,ASKL,EJ,5,292,70
RMGL,ASKL,EJ,1,179,70
ASHR,ASKR,EJ,1,90,71
ASKL,ASKR,EJ,1,70,71
PVQR,ASKR,EJ,4,280,71
RMGR,ASKR,EJ,1,180,71
AINR,AUAL,EJ,1,136,114
AUAR,AUAL,EJ,1,139,114
AWBL,AUAL,EJ,1,95,114
AINL,AUAR,EJ,1,135,139
AUAL,AUAR,EJ,1,114,139
AWBR,AUAR,EJ,1,96,139
AS01,AVAL,EJ,3,186,72
AS03,AVAL,EJ,2,203,72
AS05,AVAL,EJ,1,220,72
AS06,AVAL,EJ,1,224,72
AS07,AVAL,EJ,6,233,72
AS08,AVAL,EJ,4,242,72
AS09,AVAL,EJ,4,254,72
AS10,AVAL,EJ,1,260,72
AVAR,AVAL,EJ,5,73,72
AVJL,AVAL,EJ,2,119,72
DA01,AVAL,EJ,2,187,72
DA02,AVAL,EJ,2,193,72
DA04,AVAL,EJ,3,214,72
DA05,AVAL,EJ,1,228,72
DA06,AVAL,EJ,10,248,72
DA07,AVAL,EJ,2,261,72
DB06,AVAL,EJ,3,243,72
FLPL,AVAL,EJ,1,164,72
LUAL,AVAL,EJ,1,283,72
PVCL,AVAL,EJ,2,290,72
PVCR,AVAL,EJ,5,291,72
PVPL,AVAL,EJ,1,272,72
RIMR,AVAL,EJ,3,144,72
SABD,AVAL,EJ,4,182,72
SABVR,AVAL,EJ,1,167,72
SDQR,AVAL,EJ,1,199,72
URYDL,AVAL,EJ,1,30,72
URYVR,AVAL,EJ,1,50,72
VA01,AVAL,EJ,3,183,72
VA02,AVAL,EJ,4,190,72
VA03,AVAL,EJ,1,197,72
VA04,AVAL,EJ,1,206,72
VA05,AVAL,EJ,5,212,72
VA06,AVAL,EJ,6,222,72
VA07,AVAL,EJ,2,231,72
VA08,AVAL,EJ,10,238,72
VA09,AVAL,EJ,1,252,72
VA10,AVAL,EJ,1,257,72
VA11,AVAL,EJ,1,263,72
VB09,AVAL,EJ,5,239,72
AS01,AVAR,EJ,2,186,73
AS03,AVAR,EJ,1,203,73
AS05,AVAR,EJ,1,220,73
AS06,AVAR,EJ,1,224,73
AS07,AVAR,EJ,5,233,73
AS08,AVAR,EJ,3,242,73
AS09,AVAR,EJ,1,254,73
AS10,AVAR,EJ,1,260,73
AVAL,AVAR,EJ,5,72,73
DA01,AVAR,EJ,6,187,73
DA02,AVAR,EJ,2,193,73
DA03,AVAR,EJ,2,205,73
DA04,AVAR,EJ,2,214,73
DA05,AVAR,EJ,5,228,73
DA06,AVAR,EJ,2,248,73
DA08,AVAR,EJ,1,268,73
DB05,AVAR,EJ,2,225,73
PVCR,AVAR,EJ,3,291,73
RIML,AVAR,EJ,2,123,73
RIMR,AVAR,EJ,1,144,73
SABVL,AVAR,EJ,3,166,73
SABVR,AVAR,EJ,1,167,73
URYDR,AVAR,EJ,1,40,73
URYVL,AVAR,EJ,1,41,73
VA03,AVAR,EJ,2,197,73
VA04,AVAR,EJ,3,206,73
VA05,AVAR,EJ,3,212,73
VA06,AVAR,EJ,2,222,73
VA07,AVAR,EJ,4,231,73
VA08,AVAR,EJ,4,238,73
VA10,AVAR,EJ,1,257,73
VA11,AVAR,EJ,7,263,73
VA12,AVAR,EJ,1,273,73
VB09,AVAR,EJ,4,239,73
AQR,AVBL,EJ,1,172,115
AS07,AVBL,EJ,2,233,115
AVBR,AVBL,EJ,3,116,115
DB03,AVBL,EJ,1,194,115
DB04,AVBL,EJ,1,209,115
DB05,AVBL,EJ,1,225,115
DB06,AVBL,EJ,2,243,115
DB07,AVBL,EJ,2,258,115
DVA,AVBL,EJ,1,275,115
RIBL,AVBL,EJ,1,121,115
RIBR,AVBL,EJ,1,122,115
RID,AVBL,EJ,1,55,115
SDQR,AVBL,EJ,1,199,115
SIBVL,AVBL,EJ,1,107,115
VB01,AVBL,EJ,1,175,115
VB02,AVBL,EJ,3,160,115
VB04,AVBL,EJ,1,200,115
VB05,AVBL,EJ,1,207,115
VB06,AVBL,EJ,1,216,115
VB07,AVBL,EJ,2,223,115
VB08,AVBL,EJ,7,234,115
VB09,AVBL,EJ,1,239,115
VB10,AVBL,EJ,2,253,115
VB11,AVBL,EJ,2,259,115
AS06,AVBR,EJ,1,224,116
AS07,AVBR,EJ,2,233,116
AVBL,AVBR,EJ,3,115,116
DB01,AVBR,EJ,3,184,116
DB02,AVBR,EJ,1,173,116
DB03,AVBR,EJ,1,194,116
DB04,AVBR,EJ,1,209,116
DB05,AVBR,EJ,1,225,116
DB06,AVBR,EJ,1,243,116
DB07,AVBR,EJ,1,258,116
DD01,AVBR,EJ,1,185,116
DVA,AVBR,EJ,1,275,116
PVNL,AVBR,EJ,2,299,116
RIBL,AVBR,EJ,1,121,116
RIBR,AVBR,EJ,1,122,116
RID,AVBR,EJ,2,55,116
SIBVL,AVBR,EJ,1,107,116
VA08,AVBR,EJ,1,238,116
VA09,AVBR,EJ,1,252,116
VB02,AVBR,EJ,1,160,116
VB03,AVBR,EJ,1,191,116
VB04,AVBR,EJ,1,200,116
VB06,AVBR,EJ,2,216,116
VB07,AVBR,EJ,2,223,116
VB08,AVBR,EJ,3,234,116
VB09,AVBR,EJ,6,239,116
VB10,AVBR,EJ,1,253,116
VB11,AVBR,EJ,1,259,116
VD10,AVBR,EJ,1,256,116
ADAR,AVDL,EJ,2,169,140
AVM,AVDL,EJ,2,213,140
FLPL,AVDL,EJ,1,164,140
FLPR,AVDL,EJ,1,165,140
ADAL,AVDR,EJ,2,168,141
ADLL,AVDR,EJ,1,68,141
AVJL,AVDR,EJ,2,119,141
FLPR,AVDR,EJ,1,165,141
AVER,AVEL,EJ,1,92,74
RIML,AVEL,EJ,2,123,74
RIMR,AVEL,EJ,3,144,74
RMDVR,AVEL,EJ,1,62,74
RMEV,AVEL,EJ,1,63,74
AVEL,AVER,EJ,1,74,92
RIML,AVER,EJ,3,123,92
RIMR,AVER,EJ,2,144,92
RMDVL,AVER,EJ,1,61,92
RMDVR,AVER,EJ,1,62,92
RMEV,AVER,EJ,1,63,92
AVFR,AVFL,EJ,23,162,161
AVHL,AVFL,EJ,2,117,161
AVHR,AVFL,EJ,3,118,161
PVQR,AVFL,EJ,1,280,161
AVFL,AVFR,EJ,23,161,162
AVHL,AVFR,EJ,2,117,162
AVHR,AVFR,EJ,1,118,162
VC04,AVFR,EJ,1,227,162
RIFL,AVG,EJ,1,177,176
RIFR,AVG,EJ,1,174,176
AVFL,AVHL,EJ,2,161,117
AVFR,AVHL,EJ,2,162,117
AVHR,AVHL,EJ,1,118,117
PHBR,AVHL,EJ,1,287,117
AVFL,AVHR,EJ,3,161,118
AVFR,AVHR,EJ,1,162,118
AVHL,AVHR,EJ,1,117,118
AVAL,AVJL,EJ,2,72,119
AVDR,AVJL,EJ,2,141,119
AVJR,AVJL,EJ,4,120,119
PVCL,AVJL,EJ,1,290,119
PVCR,AVJL,EJ,3,291,119
RIS,AVJL,EJ,1,159,119
AVJL,AVJR,EJ,4,119,120
PVCL,AVJR,EJ,1,290,120
ADER,AVKL,EJ,1,171,163
AQR,AVKL,EJ,2,172,163
AVKR,AVKL,EJ,2,158,163
PVPL,AVKL,EJ,1,272,163
PVPR,AVKL,EJ,1,265,163
PVT,AVKL,EJ,2,266,163
RICL,AVKL,EJ,1,143,163
RICR,AVKL,EJ,1,150,163
RIGL,AVKL,EJ,1,181,163
SMBDL,AVKL,EJ,1,132,163
SMBDR,AVKL,EJ,1,153,163
SMBVR,AVKL,EJ,1,147,163
VB01,AVKL,EJ,4,175,163
VB10,AVKL,EJ,1,253,163
ADEL,AVKR,EJ,1,170,158
AQR,AVKR,EJ,1,172,158
AVKL,AVKR,EJ,2,163,158
PVPL,AVKR,EJ,6,272,158
RICL,AVKR,EJ,1,143,158
RIGR,AVKR,EJ,1,178,158
SMBDL,AVKR,EJ,1,132,158
SMBDR,AVKR,EJ,2,153,158
SMBVR,AVKR,EJ,1,147,158
DVB,AVL,EJ,1,276,142
DVC,AVL,EJ,9,277,142
PVM,AVL,EJ,1,251,142
ALML,AVM,EJ,1,217,213
ALMR,AVM,EJ,1,218,213
AVDL,AVM,EJ,2,140,213
AIAL,AWAL,EJ,1,109,93
AWAR,AWAL,EJ,1,94,93
AIAR,AWAR,EJ,1,134,94
AIZR,AWAR,EJ,1,149,94
AWAL,AWAR,EJ,1,93,94
AUAL,AWBL,EJ,1,114,95
AWBR,AWBL,EJ,1,96,95
RMGL,AWBL,EJ,1,179,95
AUAR,AWBR,EJ,1,139,96
AWBL,AWBR,EJ,1,95,96
RICL,AWBR,EJ,1,143,96
RMGR,AWBR,EJ,1,180,96
BAGR,BAGL,EJ,1,51,42
RIGR,BAGL,EJ,1,178,42
RIR,BAGL,EJ,1,124,42
BAGL,BAGR,EJ,1,42,51
RIGL,BAGR,EJ,1,181,51
RIR,BAGR,EJ,1,124,51
OLQDL,CEPDL,EJ,1,36,59
RIH,CEPDL,EJ,1,99,59
OLQDR,CEPDR,EJ,2,43,75
RIH,CEPDR,EJ,1,99,75
OLQVL,CEPVL,EJ,1,44,52
RIH,CEPVL,EJ,1,99,52
OLQVR,CEPVR,EJ,1,54,60
RIH,CEPVR,EJ,1,99,60
AVAL,DA01,EJ,2,72,187
AVAR,DA01,EJ,6,73,187
DA04,DA01,EJ,1,214,187
SABVL,DA01,EJ,2,166,187
SABVR,DA01,EJ,3,167,187
AS02,DA02,EJ,1,192,193
AS03,DA02,EJ,1,203,193
AVAL,DA02,EJ,2,72,193
AVAR,DA02,EJ,2,73,193
SABVL,DA02,EJ,1,166,193
VA01,DA02,EJ,2,183,193
AS04,DA03,EJ,1,210,205
AVAR,DA03,EJ,2,73,205
AVAL,DA04,EJ,3,72,214
AVAR,DA04,EJ,2,73,214
DA01,DA04,EJ,1,187,214
DB03,DA04,EJ,1,194,214
VB06,DA04,EJ,1,216,214
AS06,DA05,EJ,2,224,228
AVAL,DA05,EJ,1,72,228
AVAR,DA05,EJ,5,73,228
VA04,DA05,EJ,1,206,228
VA05,DA05,EJ,2,212,228
AVAL,DA06,EJ,10,72,248
AVAR,DA06,EJ,2,73,248
AVAL,DA07,EJ,2,72,261
AVAR,DA08,EJ,1,73,268
DA09,DA08,EJ,1,269,268
DA08,DA09,EJ,1,268,269
PDA,DA09,EJ,1,278,269
PHCL,DA09,EJ,1,294,269
RID,DA09,EJ,1,55,269
AIBR,DB01,EJ,1,110,184
AVBR,DB01,EJ,3,116,184
DB02,DB01,EJ,1,173,184
DB04,DB01,EJ,1,209,184
DVA,DB01,EJ,1,275,184
RID,DB01,EJ,1,55,184
RIS,DB01,EJ,1,159,184
VB03,DB01,EJ,1,191,184
VB04,DB01,EJ,1,200,184
AVBR,DB02,EJ,1,116,173
DB01,DB02,EJ,1,184,173
DB03,DB02,EJ,6,194,173
VB01,DB02,EJ,2,175,173
AVBL,DB03,EJ,1,115,194
AVBR,DB03,EJ,1,116,194
DA04,DB03,EJ,1,214,194
DB02,DB03,EJ,6,173,194
DB04,DB03,EJ,1,209,194
AVBL,DB04,EJ,1,115,209
AVBR,DB04,EJ,1,116,209
DB01,DB04,EJ,1,184,209
DB03,DB04,EJ,1,194,209
VB02,DB04,EJ,1,160,209
VB04,DB04,EJ,1,200,209
AVAR,DB05,EJ,2,73,225
AVBL,DB05,EJ,1,115,225
AVBR,DB05,EJ,1,116,225
AVAL,DB06,EJ,3,72,243
AVBL,DB06,EJ,2,115,243
AVBR,DB06,EJ,1,116,243
AVBL,DB07,EJ,2,115,258
AVBR,DB07,EJ,1,116,258
AVBR,DD01,EJ,1,116,185
DD02,DD01,EJ,1,202,185
VD01,DD01,EJ,4,188,185
VD02,DD01,EJ,2,189,185
DD01,DD02,EJ,1,185,202
DD03,DD02,EJ,2,215,202
VD04,DD02,EJ,2,204,202
DD02,DD03,EJ,2,202,215
DD04,DD03,EJ,1,236,215
DD03,DD04,EJ,1,215,236
VC03,DD04,EJ,1,219,236
VD08,DD04,EJ,1,237,236
VD10,DD05,EJ,1,256,255
AVBL,DVA,EJ,1,115,275
AVBR,DVA,EJ,1,116,275
DB01,DVA,EJ,1,184,275
PVCL,DVA,EJ,1,290,275
PVR,DVA,EJ,2,293,275
AS09,DVB,EJ,7,254,276
AVL,DVB,EJ,1,142,276
VA09,DVB,EJ,1,252,276
VB09,DVB,EJ,1,239,276
AIBL,DVC,EJ,1,86,277
AIBR,DVC,EJ,2,110,277
AVL,DVC,EJ,9,142,277
PVPL,DVC,EJ,2,272,277
PVPR,DVC,EJ,13,265,277
VA09,DVC,EJ,1,252,277
VD01,DVC,EJ,5,188,277
VD10,DVC,EJ,4,256,277
AVAL,FLPL,EJ,1,72,164
AVDL,FLPL,EJ,1,140,164
FLPR,FLPL,EJ,2,165,164
RIH,FLPL,EJ,1,99,164
AVDL,FLPR,EJ,1,140,165
AVDR,FLPR,EJ,1,141,165
FLPL,FLPR,EJ,2,164,165
HSNR,HSNL,EJ,1,230,229
HSNL,HSNR,EJ,1,229,230
PVNR,HSNR,EJ,1,300,230
IL1DR,IL1DL,EJ,1,31,22
IL1L,IL1DL,EJ,1,23,22
OLLL,IL1DL,EJ,1,28,22
RMEV,IL1DL,EJ,1,63,22
IL1DL,IL1DR,EJ,1,22,31
IL1R,IL1DR,EJ,1,32,31
OLLR,IL1DR,EJ,1,35,31
RMEV,IL1DR,EJ,1,63,31
IL1DL,IL1L,EJ,1,22,23
IL1VL,IL1L,EJ,1,24,23
IL1DR,IL1R,EJ,1,31,32
IL1VR,IL1R,EJ,1,53,32
IL1L,IL1VL,EJ,1,23,24
IL1VR,IL1VL,EJ,1,53,24
RMED,IL1VL,EJ,1,46,24
IL1R,IL1VR,EJ,1,32,53
IL1VL,IL1VR,EJ,1,24,53
IL2R,IL1VR,EJ,1,33,53
RMGL,IL2L,EJ,1,179,26
IL1VR,IL2R,EJ,1,53,33
RMGR,IL2R,EJ,1,180,33
URXR,IL2R,EJ,1,82,33
AVAL,LUAL,EJ,1,72,283
PLML,LUAL,EJ,1,296,283
PVR,LUAL,EJ,1,293,283
PLMR,LUAR,EJ,1,297,284
PVR,LUAR,EJ,1,293,284
IL1DL,OLLL,EJ,1,22,28
OLLR,OLLL,EJ,2,35,28
RIGL,OLLL,EJ,1,181,28
IL1DR,OLLR,EJ,1,31,35
OLLL,OLLR,EJ,2,28,35
RIGR,OLLR,EJ,1,178,35
CEPDL,OLQDL,EJ,1,59,36
RIBL,OLQDL,EJ,2,121,36
RIGL,OLQDL,EJ,1,181,36
RMDVL,OLQDL,EJ,1,61,36
URBL,OLQDL,EJ,1,39,36
CEPDR,OLQDR,EJ,2,75,43
RIBR,OLQDR,EJ,2,122,43
RIGR,OLQDR,EJ,1,178,43
RIH,OLQDR,EJ,1,99,43
RMDVR,OLQDR,EJ,1,62,43
URBR,OLQDR,EJ,1,49,43
ADLL,OLQVL,EJ,1,68,44
CEPVL,OLQVL,EJ,1,52,44
RIBL,OLQVL,EJ,1,121,44
RIGL,OLQVL,EJ,1,181,44
RMDDL,OLQVL,EJ,1,101,44
URBL,OLQVL,EJ,1,39,44
CEPVR,OLQVR,EJ,1,60,54
RIBR,OLQVR,EJ,1,122,54
RIGR,OLQVR,EJ,1,178,54
RMDDR,OLQVR,EJ,1,126,54
URBR,OLQVR,EJ,1,49,54
DA09,PDA,EJ,1,269,278
AS11,PDB,EJ,2,264,271
RID,PDB,EJ,2,55,271
PDER,PDEL,EJ,3,245,244
PVCR,PDEL,EJ,1,291,244
PVM,PDEL,EJ,1,251,244
PDEL,PDER,EJ,3,244,245
PVM,PDER,EJ,1,251,245
VA08,PDER,EJ,1,238,245
VD09,PDER,EJ,1,247,245
PHAR,PHAL,EJ,2,285,279
PHAL,PHAR,EJ,2,279,285
PVPL,PHAR,EJ,3,272,285
PHBR,PHBL,EJ,3,287,286
AVHL,PHBR,EJ,1,117,287
PHBL,PHBR,EJ,3,286,287
DA09,PHCL,EJ,1,269,294
PHCR,PHCL,EJ,1,295,294
PLML,PHCL,EJ,1,296,294
VA12,PHCL,EJ,1,273,294
PHCL,PHCR,EJ,1,294,295
PVCR,PHCR,EJ,1,291,295
VA12,PHCR,EJ,1,273,295
LUAL,PLML,EJ,1,283,296
PHCL,PLML,EJ,1,294,296
PVCL,PLML,EJ,1,290,296
LUAR,PLMR,EJ,1,284,297
PVCR,PLMR,EJ,1,291,297
PVR,PLMR,EJ,2,293,297
PVPL,PQR,EJ,4,272,289
AVAL,PVCL,EJ,2,72,290
AVJL,PVCL,EJ,1,119,290
AVJR,PVCL,EJ,1,120,290
DVA,PVCL,EJ,1,275,290
PLML,PVCL,EJ,1,296,290
PVCR,PVCL,EJ,5,291,290
VB09,PVCL,EJ,2,239,290
VB10,PVCL,EJ,1,253,290
AVAL,PVCR,EJ,5,72,291
AVAR,PVCR,EJ,3,73,291
AVJL,PVCR,EJ,3,119,291
PDEL,PVCR,EJ,1,244,291
PHCR,PVCR,EJ,1,295,291
PLMR,PVCR,EJ,1,297,291
PVCL,PVCR,EJ,5,290,291
PVWL,PVCR,EJ,2,301,291
PVWR,PVCR,EJ,1,302,291
VA08,PVCR,EJ,2,238,291
VA09,PVCR,EJ,1,252,291
AVL,PVM,EJ,1,142,251
PDEL,PVM,EJ,1,244,251
PDER,PVM,EJ,1,245,251
AVBR,PVNL,EJ,2,116,299
PVQR,PVNL,EJ,1,280,299
HSNR,PVNR,EJ,1,230,300
AQR,PVPL,EJ,7,172,272
AVAL,PVPL,EJ,1,72,272
AVKL,PVPL,EJ,1,163,272
AVKR,PVPL,EJ,6,158,272
DVC,PVPL,EJ,2,277,272
PHAR,PVPL,EJ,3,285,272
PQR,PVPL,EJ,4,289,272
PVPR,PVPL,EJ,1,265,272
PVT,PVPL,EJ,1,266,272
VD03,PVPL,EJ,1,198,272
VD13,PVPL,EJ,2,274,272
AQR,PVPR,EJ,9,172,265
AVKL,PVPR,EJ,1,163,265
DVC,PVPR,EJ,13,277,265
PVPL,PVPR,EJ,1,272,265
VD04,PVPR,EJ,1,204,265
VD05,PVPR,EJ,1,211,265
ADAL,PVQL,EJ,1,168,292
ASKL,PVQL,EJ,5,70,292
PVQR,PVQL,EJ,2,280,292
ADAR,PVQR,EJ,1,169,280
ASKR,PVQR,EJ,4,71,280
AVFL,PVQR,EJ,1,161,280
PVNL,PVQR,EJ,1,299,280
PVQL,PVQR,EJ,2,292,280
ALML,PVR,EJ,1,217,293
DVA,PVR,EJ,2,275,293
LUAL,PVR,EJ,1,283,293
LUAR,PVR,EJ,1,284,293
PLMR,PVR,EJ,2,297,293
AIBL,PVT,EJ,1,86,266
AIBR,PVT,EJ,1,110,266
AVKL,PVT,EJ,2,163,266
PVPL,PVT,EJ,1,272,266
RIBL,PVT,EJ,1,121,266
RIBR,PVT,EJ,1,122,266
PVCR,PVWL,EJ,2,291,301
PVCR,PVWR,EJ,1,291,302
AVBL,RIBL,EJ,1,115,121
AVBR,RIBL,EJ,1,116,121
OLQDL,RIBL,EJ,2,36,121
OLQVL,RIBL,EJ,1,44,121
PVT,RIBL,EJ,1,266,121
RIBL,RIBL,EJ,1,121,121
RIBR,RIBL,EJ,3,122,121
RIGL,RIBL,EJ,1,181,121
SIADL,RIBL,EJ,1,130,121
SIAVL,RIBL,EJ,1,151,121
SIBDL,RIBL,EJ,1,105,121
SIBVL,RIBL,EJ,1,107,121
SIBVR,RIBL,EJ,1,131,121
SMBDL,RIBL,EJ,1,132,121
SMDDL,RIBL,EJ,1,108,121
SMDVR,RIBL,EJ,2,81,121
AVBL,RIBR,EJ,1,115,122
AVBR,RIBR,EJ,1,116,122
OLQDR,RIBR,EJ,2,43,122
OLQVR,RIBR,EJ,1,54,122
PVT,RIBR,EJ,1,266,122
RIBL,RIBR,EJ,3,121,122
RIBR,RIBR,EJ,1,122,122
RIGR,RIBR,EJ,1,178,122
SIADR,RIBR,EJ,1,145,122
SIAVR,RIBR,EJ,1,152,122
SIBDR,RIBR,EJ,1,106,122
SIBVR,RIBR,EJ,1,131,122
SMBDR,RIBR,EJ,1,153,122
SMDDL,RIBR,EJ,1,108,122
SMDDR,RIBR,EJ,1,133,122
SMDVL,RIBR,EJ,2,65,122
ASHL,RICL,EJ,2,89,143
AVKL,RICL,EJ,1,163,143
AVKR,RICL,EJ,1,158,143
AWBR,RICL,EJ,1,96,143
ASHR,RICR,EJ,2,90,150
AVKL,RICR,EJ,1,163,150
ALA,RID,EJ,1,58,55
AVBL,RID,EJ,1,115,55
AVBR,RID,EJ,2,116,55
DA09,RID,EJ,1,269,55
DB01,RID,EJ,1,184,55
PDB,RID,EJ,2,271,55
AVG,RIFL,EJ,1,176,177
VD01,RIFL,EJ,1,188,177
AVG,RIFR,EJ,1,176,174
AIBR,RIGL,EJ,3,110,181
AQR,RIGL,EJ,2,172,181
AVKL,RIGL,EJ,1,163,181
BAGR,RIGL,EJ,1,51,181
OLLL,RIGL,EJ,1,28,181
OLQDL,RIGL,EJ,1,36,181
OLQVL,RIGL,EJ,1,44,181
RIBL,RIGL,EJ,1,121,181
RIGR,RIGL,EJ,3,178,181
RMEL,RIGL,EJ,1,47,181
URYDL,RIGL,EJ,1,30,181
URYVL,RIGL,EJ,1,41,181
VB02,RIGL,EJ,1,160,181
VD01,RIGL,EJ,2,188,181
AIBL,RIGR,EJ,3,86,178
AQR,RIGR,EJ,1,172,178
AVKR,RIGR,EJ,1,158,178
BAGL,RIGR,EJ,1,42,178
OLLR,RIGR,EJ,1,35,178
OLQDR,RIGR,EJ,1,43,178
OLQVR,RIGR,EJ,1,54,178
RIBR,RIGR,EJ,1,122,178
RIGL,RIGR,EJ,3,181,178
URYDR,RIGR,EJ,1,40,178
URYVR,RIGR,EJ,1,50,178
CEPDL,RIH,EJ,1,59,99
CEPDR,RIH,EJ,1,75,99
CEPVL,RIH,EJ,1,52,99
CEPVR,RIH,EJ,1,60,99
FLPL,RIH,EJ,1,164,99
OLQDR,RIH,EJ,1,43,99
AIBR,RIML,EJ,1,110,123
AIYL,RIML,EJ,1,157,123
AVAR,RIML,EJ,2,73,123
AVEL,RIML,EJ,2,74,123
AVER,RIML,EJ,3,92,123
RIS,RIML,EJ,1,159,123
AIBL,RIMR,EJ,1,86,144
AIYR,RIMR,EJ,1,154,144
AVAL,RIMR,EJ,3,72,144
AVAR,RIMR,EJ,1,73,144
AVEL,RIMR,EJ,3,74,144
AVER,RIMR,EJ,2,92,144
RIS,RIMR,EJ,1,159,144
RMED,RIPL,EJ,1,46,37
RMED,RIPR,EJ,1,46,45
BAGL,RIR,EJ,1,42,124
BAGR,RIR,EJ,1,51,124
AIBR,RIS,EJ,1,110,159
AVJL,RIS,EJ,1,119,159
DB01,RIS,EJ,1,184,159
RIML,RIS,EJ,1,123,159
RIMR,RIS,EJ,1,144,159
SMDDL,RIS,EJ,1,108,159
SMDDR,RIS,EJ,1,133,159
SMDVL,RIS,EJ,1,65,159
AIBL,RIVL,EJ,1,86,100
RIVR,RIVL,EJ,2,125,100
SDQR,RIVL,EJ,2,199,100
SMDVL,RIVL,EJ,1,65,100
AIBR,RIVR,EJ,1,110,125
RIVL,RIVR,EJ,2,100,125
SDQR,RIVR,EJ,2,199,125
SMDVR,RIVR,EJ,2,81,125
OLQVL,RMDDL,EJ,1,44,101
RMDL,RMDDL,EJ,1,78,101
RMDVL,RMDDL,EJ,1,61,101
SMDDL,RMDDL,EJ,1,108,101
OLQVR,RMDDR,EJ,1,54,126
RMDVR,RMDDR,EJ,1,62,126
SAADR,RMDDR,EJ,1,104,126
SMDDR,RMDDR,EJ,1,133,126
RMDDL,RMDL,EJ,1,101,78
RMDVL,RMDL,EJ,1,61,78
RMDVR,RMDR,EJ,1,62,79
AVER,RMDVL,EJ,1,92,61
OLQDL,RMDVL,EJ,1,36,61
RMDDL,RMDVL,EJ,1,101,61
RMDL,RMDVL,EJ,1,78,61
RMDVR,RMDVL,EJ,1,62,61
SAAVL,RMDVL,EJ,1,64,61
SMDVL,RMDVL,EJ,1,65,61
AVEL,RMDVR,EJ,1,74,62
AVER,RMDVR,EJ,1,92,62
OLQDR,RMDVR,EJ,1,43,62
RMDDR,RMDVR,EJ,1,126,62
RMDR,RMDVR,EJ,1,79,62
RMDVL,RMDVR,EJ,1,61,62
SAAVR,RMDVR,EJ,1,80,62
SMDVR,RMDVR,EJ,1,81,62
IL1VL,RMED,EJ,1,24,46
RIPL,RMED,EJ,1,37,46
RIPR,RMED,EJ,1,45,46
RMEV,RMED,EJ,2,63,46
RIGL,RMEL,EJ,1,181,47
RMEV,RMEL,EJ,1,63,47
RMEV,RMER,EJ,1,63,56
AVEL,RMEV,EJ,1,74,63
AVER,RMEV,EJ,1,92,63
IL1DL,RMEV,EJ,1,22,63
IL1DR,RMEV,EJ,1,31,63
RMED,RMEV,EJ,2,46,63
RMEL,RMEV,EJ,1,47,63
RMER,RMEV,EJ,1,56,63
URBR,RMFL,EJ,1,49,127
ADLL,RMGL,EJ,1,68,179
ASHL,RMGL,EJ,1,89,179
ASKL,RMGL,EJ,1,70,179
AWBL,RMGL,EJ,1,95,179
IL2L,RMGL,EJ,1,26,179
RMHL,RMGL,EJ,3,102,179
URXL,RMGL,EJ,1,66,179
ASHR,RMGR,EJ,1,90,180
ASKR,RMGR,EJ,1,71,180
AWBR,RMGR,EJ,1,96,180
IL2R,RMGR,EJ,1,33,180
RMHR,RMGR,EJ,1,129,180
URXR,RMGR,EJ,1,82,180
RMGL,RMHL,EJ,3,179,102
SIBVR,RMHL,EJ,1,131,102
RMGR,RMHR,EJ,1,180,129
SMBDL,SAADL,EJ,1,132,103
RMDDR,SAADR,EJ,1,126,104
RMDVL,SAAVL,EJ,1,61,64
SMBVR,SAAVL,EJ,3,147,64
RMDVR,SAAVR,EJ,1,62,80
SMBVL,SAAVR,EJ,2,146,80
AVAL,SABD,EJ,4,72,182
VA02,SABD,EJ,3,190,182
VA03,SABD,EJ,2,197,182
VA04,SABD,EJ,1,206,182
AVAR,SABVL,EJ,3,73,166
DA01,SABVL,EJ,2,187,166
DA02,SABVL,EJ,1,193,166
AVAL,SABVR,EJ,1,72,167
AVAR,SABVR,EJ,1,73,167
DA01,SABVR,EJ,3,187,167
SDQR,SDQL,EJ,1,199,246
AVAL,SDQR,EJ,1,72,199
AVBL,SDQR,EJ,1,115,199
RIVL,SDQR,EJ,2,100,199
RIVR,SDQR,EJ,2,125,199
SDQL,SDQR,EJ,1,246,199
SIBVL,SDQR,EJ,1,107,199
RIBL,SIADL,EJ,1,121,130
RIBR,SIADR,EJ,1,122,145
RIBL,SIAVL,EJ,1,121,151
RIBR,SIAVR,EJ,1,122,152
RIBL,SIBDL,EJ,1,121,105
SIBVL,SIBDL,EJ,1,107,105
AIML,SIBDR,EJ,1,155,106
RIBR,SIBDR,EJ,1,122,106
SIBVR,SIBDR,EJ,1,131,106
AVBL,SIBVL,EJ,1,115,107
AVBR,SIBVL,EJ,1,116,107
RIBL,SIBVL,EJ,1,121,107
SDQR,SIBVL,EJ,1,199,107
SIBDL,SIBVL,EJ,1,105,107
RIBL,SIBVR,EJ,1,121,131
RIBR,SIBVR,EJ,1,122,131
RMHL,SIBVR,EJ,1,102,131
SIBDR,SIBVR,EJ,1,106,131
AVKL,SMBDL,EJ,1,163,132
AVKR,SMBDL,EJ,1,158,132
RIBL,SMBDL,EJ,1,121,132
SAADL,SMBDL,EJ,1,103,132
ALNL,SMBDR,EJ,1,281,153
AVKL,SMBDR,EJ,1,163,153
AVKR,SMBDR,EJ,2,158,153
RIBR,SMBDR,EJ,1,122,153
SAAVR,SMBVL,EJ,2,80,146
AVKL,SMBVR,EJ,1,163,147
AVKR,SMBVR,EJ,1,158,147
SAAVL,SMBVR,EJ,3,64,147
RIBL,SMDDL,EJ,1,121,108
RIBR,SMDDL,EJ,1,122,108
RIS,SMDDL,EJ,1,159,108
RMDDL,SMDDL,EJ,1,101,108
RIBR,SMDDR,EJ,1,122,133
RIS,SMDDR,EJ,1,159,133
RMDDR,SMDDR,EJ,1,126,133
VD01,SMDDR,EJ,1,188,133
RIBR,SMDVL,EJ,2,122,65
RIS,SMDVL,EJ,1,159,65
RIVL,SMDVL,EJ,1,100,65
RMDVL,SMDVL,EJ,1,61,65
SMDVR,SMDVL,EJ,1,81,65
RIBL,SMDVR,EJ,2,121,81
RIVR,SMDVR,EJ,2,125,81
RMDVR,SMDVR,EJ,1,62,81
SMDVL,SMDVR,EJ,1,65,81
VB01,SMDVR,EJ,1,175,81
OLQDL,URBL,EJ,1,36,39
OLQVL,URBL,EJ,1,44,39
OLQDR,URBR,EJ,1,43,49
OLQVR,URBR,EJ,1,54,49
RMFL,URBR,EJ,1,127,49
RMGL,URXL,EJ,1,179,66
IL2R,URXR,EJ,1,33,82
RMGR,URXR,EJ,1,180,82
AVAL,URYDL,EJ,1,72,30
RIGL,URYDL,EJ,1,181,30
AVAR,URYDR,EJ,1,73,40
RIGR,URYDR,EJ,1,178,40
AVAR,URYVL,EJ,1,73,41
RIGL,URYVL,EJ,1,181,41
AVAL,URYVR,EJ,1,72,50
RIGR,URYVR,EJ,1,178,50
AVAL,VA01,EJ,3,72,183
DA02,VA01,EJ,2,193,183
AVAL,VA02,EJ,4,72,190
SABD,VA02,EJ,3,182,190
VD01,VA02,EJ,1,188,190
VD02,VA02,EJ,3,189,190
AS01,VA03,EJ,1,186,197
AVAL,VA03,EJ,1,72,197
AVAR,VA03,EJ,2,73,197
SABD,VA03,EJ,2,182,197
AS02,VA04,EJ,2,192,206
AVAL,VA04,EJ,1,72,206
AVAR,VA04,EJ,3,73,206
DA05,VA04,EJ,1,228,206
SABD,VA04,EJ,1,182,206
AS03,VA05,EJ,2,203,212
AVAL,VA05,EJ,5,72,212
AVAR,VA05,EJ,3,73,212
DA05,VA05,EJ,2,228,212
AVAL,VA06,EJ,6,72,222
AVAR,VA06,EJ,2,73,222
AS05,VA07,EJ,1,220,231
AVAL,VA07,EJ,2,72,231
AVAR,VA07,EJ,4,73,231
VB03,VA07,EJ,1,191,231
AS06,VA08,EJ,1,224,238
AVAL,VA08,EJ,10,72,238
AVAR,VA08,EJ,4,73,238
AVBR,VA08,EJ,1,116,238
PDER,VA08,EJ,1,245,238
PVCR,VA08,EJ,2,291,238
VA08,VA08,EJ,1,238,238
VB08,VA08,EJ,3,234,238
VB09,VA08,EJ,3,239,238
VD08,VA08,EJ,1,237,238
AVAL,VA09,EJ,1,72,252
AVBR,VA09,EJ,1,116,252
DVB,VA09,EJ,1,276,252
DVC,VA09,EJ,1,277,252
PVCR,VA09,EJ,1,291,252
VB08,VA09,EJ,1,234,252
VB09,VA09,EJ,4,239,252
VD07,VA09,EJ,1,226,252
AVAL,VA10,EJ,1,72,257
AVAR,VA10,EJ,1,73,257
AVAL,VA11,EJ,1,72,263
AVAR,VA11,EJ,7,73,263
AVAR,VA12,EJ,1,73,273
PHCL,VA12,EJ,1,294,273
PHCR,VA12,EJ,1,295,273
VB11,VA12,EJ,1,259,273
AVBL,VB01,EJ,1,115,175
AVKL,VB01,EJ,4,163,175
DB02,VB01,EJ,2,173,175
SMDVR,VB01,EJ,1,81,175
VB02,VB01,EJ,4,160,175
AVBL,VB02,EJ,3,115,160
AVBR,VB02,EJ,1,116,160
DB04,VB02,EJ,1,209,160
RIGL,VB02,EJ,1,181,160
VB01,VB02,EJ,4,175,160
VB03,VB02,EJ,1,191,160
VB05,VB02,EJ,1,207,160
VB07,VB02,EJ,2,223,160
AVBR,VB03,EJ,1,116,191
DB01,VB03,EJ,1,184,191
VA07,VB03,EJ,1,231,191
VB02,VB03,EJ,1,160,191
AVBL,VB04,EJ,1,115,200
AVBR,VB04,EJ,1,116,200
DB01,VB04,EJ,1,184,200
DB04,VB04,EJ,1,209,200
VB05,VB04,EJ,1,207,200
AVBL,VB05,EJ,1,115,207
VB02,VB05,EJ,1,160,207
VB04,VB05,EJ,1,200,207
VB06,VB05,EJ,1,216,207
AVBL,VB06,EJ,1,115,216
AVBR,VB06,EJ,2,116,216
DA04,VB06,EJ,1,214,216
VB05,VB06,EJ,1,207,216
AVBL,VB07,EJ,2,115,223
AVBR,VB07,EJ,2,116,223
VB02,VB07,EJ,2,160,223
AVBL,VB08,EJ,7,115,234
AVBR,VB08,EJ,3,116,234
VA08,VB08,EJ,3,238,234
VA09,VB08,EJ,1,252,234
VB09,VB08,EJ,3,239,234
AVAL,VB09,EJ,5,72,239
AVAR,VB09,EJ,4,73,239
AVBL,VB09,EJ,1,115,239
AVBR,VB09,EJ,6,116,239
DVB,VB09,EJ,1,276,239
PVCL,VB09,EJ,2,290,239
VA08,VB09,EJ,3,238,239
VA09,VB09,EJ,4,252,239
VB08,VB09,EJ,3,234,239
AVBL,VB10,EJ,2,115,253
AVBR,VB10,EJ,1,116,253
AVKL,VB10,EJ,1,163,253
PVCL,VB10,EJ,1,290,253
AVBL,VB11,EJ,2,115,259
AVBR,VB11,EJ,1,116,259
VA12,VB11,EJ,1,273,259
VC02,VC01,EJ,6,208,201
VC03,VC01,EJ,2,219,201
VD01,VC01,EJ,1,188,201
VC01,VC02,EJ,6,201,208
VC03,VC02,EJ,2,219,208
DD04,VC03,EJ,1,236,219
VC01,VC03,EJ,2,201,219
VC02,VC03,EJ,2,208,219
VC04,VC03,EJ,1,227,219
VC05,VC03,EJ,2,232,219
AVFR,VC04,EJ,1,162,227
VC03,VC04,EJ,1,219,227
VC05,VC04,EJ,1,232,227
VC03,VC05,EJ,2,219,232
VC04,VC05,EJ,1,227,232
DD01,VD01,EJ,4,185,188
DVC,VD01,EJ,5,277,188
RIFL,VD01,EJ,1,177,188
RIGL,VD01,EJ,2,181,188
SMDDR,VD01,EJ,1,133,188
VA02,VD01,EJ,1,190,188
VC01,VD01,EJ,1,201,188
VD02,VD01,EJ,7,189,188
AS01,VD02,EJ,1,186,189
DD01,VD02,EJ,2,185,189
VA02,VD02,EJ,3,190,189
VD01,VD02,EJ,7,188,189
VD03,VD02,EJ,2,198,189
PVPL,VD03,EJ,1,272,198
VD02,VD03,EJ,2,189,198
VD04,VD03,EJ,1,204,198
DD02,VD04,EJ,2,202,204
PVPR,VD04,EJ,1,265,204
VD03,VD04,EJ,1,198,204
VD05,VD04,EJ,1,211,204
PVPR,VD05,EJ,1,265,211
VD04,VD05,EJ,1,204,211
VD06,VD05,EJ,2,221,211
VD05,VD06,EJ,2,211,221
VD07,VD06,EJ,1,226,221
VA09,VD07,EJ,1,252,226
VD06,VD07,EJ,1,221,226
DD04,VD08,EJ,1,236,237
VA08,VD08,EJ,1,238,237
PDER,VD09,EJ,1,245,247
VD10,VD09,EJ,5,256,247
AVBR,VD10,EJ,1,116,256
DD05,VD10,EJ,1,255,256
DVC,VD10,EJ,4,277,256
VD09,VD10,EJ,5,247,256
PVPL,VD13,EJ,2,272,274
