Neuron1;Neuron2;Type;Monoamine;Specific
RIML;ALML;tyramine;MA;lgc-55
RIML;ALMR;tyramine;MA;lgc-55
RIMR;ALML;tyramine;MA;lgc-55
RIMR;ALMR;tyramine;MA;lgc-55
RIML;ALNL;tyramine;MA.;lgc-55
RIML;ALNR;tyramine;MA.;lgc-55
RIMR;ALNL;tyramine;MA.;lgc-55
RIMR;ALNR;tyramine;MA.;lgc-55
RIML;AVBL;tyramine;MA.;lgc-55
RIML;AVBR;tyramine;MA.;lgc-55
RIMR;AVBL;tyramine;MA.;lgc-55
RIMR;AVBR;tyramine;MA.;lgc-55
RIML;AVM;tyramine;MA.;lgc-55
RIMR;AVM;tyramine;MA.;lgc-55
RIML;HSNL;tyramine;MA.;lgc-55
RIML;HSNR;tyramine;MA.;lgc-55
RIMR;HSNL;tyramine;MA.;lgc-55
RIMR;HSNR;tyramine;MA.;lgc-55
RIML;IL1DL;tyramine;MA.;lgc-55
RIML;IL1DR;tyramine;MA.;lgc-55
RIML;IL1L;tyramine;MA.;lgc-55
RIML;IL1R;tyramine;MA.;lgc-55
RIML;IL1VL;tyramine;MA.;lgc-55
RIML;IL1VR;tyramine;MA.;lgc-55
RIMR;IL1DL;tyramine;MA.;lgc-55
RIMR;IL1DR;tyramine;MA.;lgc-55
RIMR;IL1L;tyramine;MA.;lgc-55
RIMR;IL1R;tyramine;MA.;lgc-55
RIMR;IL1VL;tyramine;MA.;lgc-55
RIMR;IL1VR;tyramine;MA.;lgc-55
RIML;RMDDL;tyramine;MA.;lgc-55
RIML;RMDDR;tyramine;MA.;lgc-55
RIML;RMDL;tyramine;MA.;lgc-55
RIML;RMDR;tyramine;MA.;lgc-55
RIML;RMDVL;tyramine;MA.;lgc-55
RIML;RMDVR;tyramine;MA.;lgc-55
RIMR;RMDDL;tyramine;MA.;lgc-55
RIMR;RMDDR;tyramine;MA.;lgc-55
RIMR;RMDL;tyramine;MA.;lgc-55
RIMR;RMDR;tyramine;MA.;lgc-55
RIMR;RMDVL;tyramine;MA.;lgc-55
RIMR;RMDVR;tyramine;MA.;lgc-55
RIML;SDQL;tyramine;MA.;lgc-55
RIML;SDQR;tyramine;MA.;lgc-55
RIMR;SDQL;tyramine;MA.;lgc-55
RIMR;SDQR;tyramine;MA.;lgc-55
RIML;SMDDL;tyramine;MA.;lgc-55
RIML;SMDDR;tyramine;MA.;lgc-55
RIML;SMDVL;tyramine;MA.;lgc-55
RIML;SMDVR;tyramine;MA.;lgc-55
RIMR;SMDDL;tyramine;MA.;lgc-55
RIMR;SMDDR;tyramine;MA.;lgc-55
RIMR;SMDVL;tyramine;MA.;lgc-55
RIMR;SMDVR;tyramine;MA.;lgc-55
RIML;AIYL;tyramine;MA.;ser-2
RIML;AIYR;tyramine;MA.;ser-2
RIMR;AIYL;tyramine;MA.;ser-2
RIMR;AIYR;tyramine;MA.;ser-2
RIML;AIZL;tyramine;MA.;ser-2
RIML;AIZR;tyramine;MA.;ser-2
RIMR;AIZL;tyramine;MA.;ser-2
RIMR;AIZR;tyramine;MA.;ser-2
RIML;ALNL;tyramine;MA.;ser-2
RIML;ALNR;tyramine;MA.;ser-2
RIMR;ALNL;tyramine;MA.;ser-2
RIMR;ALNR;tyramine;MA.;ser-2
RIML;AUAL;tyramine;MA.;ser-2
RIML;AUAR;tyramine;MA.;ser-2
RIMR;AUAL;tyramine;MA.;ser-2
RIMR;AUAR;tyramine;MA.;ser-2
RIML;AVHL;tyramine;MA.;ser-2
RIML;AVHR;tyramine;MA.;ser-2
RIMR;AVHL;tyramine;MA.;ser-2
RIMR;AVHR;tyramine;MA.;ser-2
RIML;BDUL;tyramine;MA.;ser-2
RIML;BDUR;tyramine;MA.;ser-2
RIMR;BDUL;tyramine;MA.;ser-2
RIMR;BDUR;tyramine;MA.;ser-2
RIML;CANL;tyramine;MA.;ser-2
RIML;CANR;tyramine;MA.;ser-2
RIMR;CANL;tyramine;MA.;ser-2
RIMR;CANR;tyramine;MA.;ser-2
RIML;DA09;tyramine;MA.;ser-2
RIMR;DA09;tyramine;MA.;ser-2
RIML;DVA;tyramine;MA.;ser-2
RIMR;DVA;tyramine;MA.;ser-2
RIML;LUAL;tyramine;MA.;ser-2
RIML;LUAR;tyramine;MA.;ser-2
RIMR;LUAL;tyramine;MA.;ser-2
RIMR;LUAR;tyramine;MA.;ser-2
RIML;NSML;tyramine;MA.;ser-2
RIML;NSMR;tyramine;MA.;ser-2
RIMR;NSML;tyramine;MA.;ser-2
RIMR;NSMR;tyramine;MA.;ser-2
RIML;OLLL;tyramine;MA.;ser-2
RIML;OLLR;tyramine;MA.;ser-2
RIMR;OLLL;tyramine;MA.;ser-2
RIMR;OLLR;tyramine;MA.;ser-2
RIML;PDA;tyramine;MA.;ser-2
RIMR;PDA;tyramine;MA.;ser-2
RIML;PVCL;tyramine;MA.;ser-2
RIML;PVCR;tyramine;MA.;ser-2
RIMR;PVCL;tyramine;MA.;ser-2
RIMR;PVCR;tyramine;MA.;ser-2
RIML;PVDL;tyramine;MA.;ser-2
RIML;PVDR;tyramine;MA.;ser-2
RIMR;PVDL;tyramine;MA.;ser-2
RIMR;PVDR;tyramine;MA.;ser-2
RIML;PVT;tyramine;MA.;ser-2
RIMR;PVT;tyramine;MA.;ser-2
RIML;RIAL;tyramine;MA.;ser-2
RIML;RIAR;tyramine;MA.;ser-2
RIMR;RIAL;tyramine;MA.;ser-2
RIMR;RIAR;tyramine;MA.;ser-2
RIML;RICL;tyramine;MA.;ser-2
RIML;RICR;tyramine;MA.;ser-2
RIMR;RICL;tyramine;MA.;ser-2
RIMR;RICR;tyramine;MA.;ser-2
RIML;RID;tyramine;MA.;ser-2
RIMR;RID;tyramine;MA.;ser-2
RIML;RMED;tyramine;MA.;ser-2
RIML;RMEL;tyramine;MA.;ser-2
RIML;RMER;tyramine;MA.;ser-2
RIML;RMEV;tyramine;MA.;ser-2
RIMR;RMED;tyramine;MA.;ser-2
RIMR;RMEL;tyramine;MA.;ser-2
RIMR;RMER;tyramine;MA.;ser-2
RIMR;RMEV;tyramine;MA.;ser-2
RIML;SABD;tyramine;MA.;ser-2
RIML;SABVL;tyramine;MA.;ser-2
RIML;SABVR;tyramine;MA.;ser-2
RIMR;SABD;tyramine;MA.;ser-2
RIMR;SABVL;tyramine;MA.;ser-2
RIMR;SABVR;tyramine;MA.;ser-2
RIML;SDQL;tyramine;MA.;ser-2
RIML;SDQR;tyramine;MA.;ser-2
RIMR;SDQL;tyramine;MA.;ser-2
RIMR;SDQR;tyramine;MA.;ser-2
RIML;SIADL;tyramine;MA.;ser-2
RIML;SIADR;tyramine;MA.;ser-2
RIML;SIAVL;tyramine;MA.;ser-2
RIML;SIAVR;tyramine;MA.;ser-2
RIMR;SIADL;tyramine;MA.;ser-2
RIMR;SIADR;tyramine;MA.;ser-2
RIMR;SIAVL;tyramine;MA.;ser-2
RIMR;SIAVR;tyramine;MA.;ser-2
RIML;VD01;tyramine;MA.;ser-2
RIML;VD10;tyramine;MA.;ser-2
RIML;VD11;tyramine;MA.;ser-2
RIML;VD12;tyramine;MA.;ser-2
RIML;VD13;tyramine;MA.;ser-2
RIML;VD02;tyramine;MA.;ser-2
RIML;VD03;tyramine;MA.;ser-2
RIML;VD04;tyramine;MA.;ser-2
RIML;VD05;tyramine;MA.;ser-2
RIML;VD06;tyramine;MA.;ser-2
RIML;VD07;tyramine;MA.;ser-2
RIML;VD08;tyramine;MA.;ser-2
RIML;VD09;tyramine;MA.;ser-2
RIMR;VD01;tyramine;MA.;ser-2
RIMR;VD10;tyramine;MA.;ser-2
RIMR;VD11;tyramine;MA.;ser-2
RIMR;VD12;tyramine;MA.;ser-2
RIMR;VD13;tyramine;MA.;ser-2
RIMR;VD02;tyramine;MA.;ser-2
RIMR;VD03;tyramine;MA.;ser-2
RIMR;VD04;tyramine;MA.;ser-2
RIMR;VD05;tyramine;MA.;ser-2
RIMR;VD06;tyramine;MA.;ser-2
RIMR;VD07;tyramine;MA.;ser-2
RIMR;VD08;tyramine;MA.;ser-2
RIMR;VD09;tyramine;MA.;ser-2
RIML;ALML;tyramine;MA.;tyra-2
RIML;ALMR;tyramine;MA.;tyra-2
RIMR;ALML;tyramine;MA.;tyra-2
RIMR;ALMR;tyramine;MA.;tyra-2
RIML;ASEL;tyramine;MA.;tyra-2
RIML;ASER;tyramine;MA.;tyra-2
RIMR;ASEL;tyramine;MA.;tyra-2
RIMR;ASER;tyramine;MA.;tyra-2
RIML;ASGL;tyramine;MA.;tyra-2
RIML;ASGR;tyramine;MA.;tyra-2
RIMR;ASGL;tyramine;MA.;tyra-2
RIMR;ASGR;tyramine;MA.;tyra-2
RIML;ASHL;tyramine;MA.;tyra-2
RIML;ASHR;tyramine;MA.;tyra-2
RIMR;ASHL;tyramine;MA.;tyra-2
RIMR;ASHR;tyramine;MA.;tyra-2
RIML;ASIL;tyramine;MA.;tyra-2
RIML;ASIR;tyramine;MA.;tyra-2
RIMR;ASIL;tyramine;MA.;tyra-2
RIMR;ASIR;tyramine;MA.;tyra-2
RIML;CANL;tyramine;MA.;tyra-2
RIML;CANR;tyramine;MA.;tyra-2
RIMR;CANL;tyramine;MA.;tyra-2
RIMR;CANR;tyramine;MA.;tyra-2
RIML;MCL;tyramine;MA.;tyra-2
RIML;MCR;tyramine;MA.;tyra-2
RIMR;MCL;tyramine;MA.;tyra-2
RIMR;MCR;tyramine;MA.;tyra-2
RIML;NSML;tyramine;MA.;tyra-2
RIML;NSMR;tyramine;MA.;tyra-2
RIMR;NSML;tyramine;MA.;tyra-2
RIMR;NSMR;tyramine;MA.;tyra-2
RIML;PVDL;tyramine;MA.;tyra-2
RIML;PVDR;tyramine;MA.;tyra-2
RIMR;PVDL;tyramine;MA.;tyra-2
RIMR;PVDR;tyramine;MA.;tyra-2
RIML;ADEL;tyramine;MA.;tyra-3
RIML;ADER;tyramine;MA.;tyra-3
RIMR;ADEL;tyramine;MA.;tyra-3
RIMR;ADER;tyramine;MA.;tyra-3
RIML;ADLL;tyramine;MA.;tyra-3
RIML;ADLR;tyramine;MA.;tyra-3
RIMR;ADLL;tyramine;MA.;tyra-3
RIMR;ADLR;tyramine;MA.;tyra-3
RIML;AFDL;tyramine;MA.;tyra-3
RIML;AFDR;tyramine;MA.;tyra-3
RIMR;AFDL;tyramine;MA.;tyra-3
RIMR;AFDR;tyramine;MA.;tyra-3
RIML;AIML;tyramine;MA.;tyra-3
RIML;AIMR;tyramine;MA.;tyra-3
RIMR;AIML;tyramine;MA.;tyra-3
RIMR;AIMR;tyramine;MA.;tyra-3
RIML;ASKL;tyramine;MA.;tyra-3
RIML;ASKR;tyramine;MA.;tyra-3
RIMR;ASKL;tyramine;MA.;tyra-3
RIMR;ASKR;tyramine;MA.;tyra-3
RIML;AUAL;tyramine;MA.;tyra-3
RIML;AUAR;tyramine;MA.;tyra-3
RIMR;AUAL;tyramine;MA.;tyra-3
RIMR;AUAR;tyramine;MA.;tyra-3
RIML;AWCL;tyramine;MA.;tyra-3
RIML;AWCR;tyramine;MA.;tyra-3
RIMR;AWCL;tyramine;MA.;tyra-3
RIMR;AWCR;tyramine;MA.;tyra-3
RIML;BAGL;tyramine;MA.;tyra-3
RIML;BAGR;tyramine;MA.;tyra-3
RIMR;BAGL;tyramine;MA.;tyra-3
RIMR;BAGR;tyramine;MA.;tyra-3
RIML;CEPDL;tyramine;MA.;tyra-3
RIML;CEPDR;tyramine;MA.;tyra-3
RIML;CEPVL;tyramine;MA.;tyra-3
RIML;CEPVR;tyramine;MA.;tyra-3
RIMR;CEPDL;tyramine;MA.;tyra-3
RIMR;CEPDR;tyramine;MA.;tyra-3
RIMR;CEPVL;tyramine;MA.;tyra-3
RIMR;CEPVR;tyramine;MA.;tyra-3
RIML;OLQDL;tyramine;MA.;tyra-3
RIML;OLQDR;tyramine;MA.;tyra-3
RIML;OLQVL;tyramine;MA.;tyra-3
RIML;OLQVR;tyramine;MA.;tyra-3
RIMR;OLQDL;tyramine;MA.;tyra-3
RIMR;OLQDR;tyramine;MA.;tyra-3
RIMR;OLQVL;tyramine;MA.;tyra-3
RIMR;OLQVR;tyramine;MA.;tyra-3
RIML;PVT;tyramine;MA.;tyra-3
RIMR;PVT;tyramine;MA.;tyra-3
RIML;SDQL;tyramine;MA.;tyra-3
RIML;SDQR;tyramine;MA.;tyra-3
RIMR;SDQL;tyramine;MA.;tyra-3
RIMR;SDQR;tyramine;MA.;tyra-3
RICL;ADEL;octopamine;MA.;octr-1
RICL;ADER;octopamine;MA.;octr-1
RICR;ADEL;octopamine;MA.;octr-1
RICR;ADER;octopamine;MA.;octr-1
RICL;AIYL;octopamine;MA.;octr-1
RICL;AIYR;octopamine;MA.;octr-1
RICR;AIYL;octopamine;MA.;octr-1
RICR;AIYR;octopamine;MA.;octr-1
RICL;ASHL;octopamine;MA.;octr-1
RICL;ASHR;octopamine;MA.;octr-1
RICR;ASHL;octopamine;MA.;octr-1
RICR;ASHR;octopamine;MA.;octr-1
RICL;ASIL;octopamine;MA.;octr-1
RICL;ASIR;octopamine;MA.;octr-1
RICR;ASIL;octopamine;MA.;octr-1
RICR;ASIR;octopamine;MA.;octr-1
RICL;CEPDL;octopamine;MA.;octr-1
RICL;CEPDR;octopamine;MA.;octr-1
RICL;CEPVL;octopamine;MA.;octr-1
RICL;CEPVR;octopamine;MA.;octr-1
RICR;CEPDL;octopamine;MA.;octr-1
RICR;CEPDR;octopamine;MA.;octr-1
RICR;CEPVL;octopamine;MA.;octr-1
RICR;CEPVR;octopamine;MA.;octr-1
RICL;ASHL;octopamine;MA.;ser-3
RICL;ASHR;octopamine;MA.;ser-3
RICR;ASHL;octopamine;MA.;ser-3
RICR;ASHR;octopamine;MA.;ser-3
RICL;PHAL;octopamine;MA.;ser-3
RICL;PHAR;octopamine;MA.;ser-3
RICR;PHAL;octopamine;MA.;ser-3
RICR;PHAR;octopamine;MA.;ser-3
RICL;PHBL;octopamine;MA.;ser-3
RICL;PHBR;octopamine;MA.;ser-3
RICR;PHBL;octopamine;MA.;ser-3
RICR;PHBR;octopamine;MA.;ser-3
RICL;PVQL;octopamine;MA.;ser-3
RICL;PVQR;octopamine;MA.;ser-3
RICR;PVQL;octopamine;MA.;ser-3
RICR;PVQR;octopamine;MA.;ser-3
RICL;SIADL;octopamine;MA.;ser-3
RICL;SIADR;octopamine;MA.;ser-3
RICL;SIAVL;octopamine;MA.;ser-3
RICL;SIAVR;octopamine;MA.;ser-3
RICR;SIADL;octopamine;MA.;ser-3
RICR;SIADR;octopamine;MA.;ser-3
RICR;SIAVL;octopamine;MA.;ser-3
RICR;SIAVR;octopamine;MA.;ser-3
RICL;ADLL;octopamine;MA.;ser-6
RICL;ADLR;octopamine;MA.;ser-6
RICR;ADLL;octopamine;MA.;ser-6
RICR;ADLR;octopamine;MA.;ser-6
RICL;ASIL;octopamine;MA.;ser-6
RICL;ASIR;octopamine;MA.;ser-6
RICR;ASIL;octopamine;MA.;ser-6
RICR;ASIR;octopamine;MA.;ser-6
RICL;AWBL;octopamine;MA.;ser-6
RICL;AWBR;octopamine;MA.;ser-6
RICR;AWBL;octopamine;MA.;ser-6
RICR;AWBR;octopamine;MA.;ser-6
RICL;RICL;octopamine;MA.;ser-6
RICL;RICR;octopamine;MA.;ser-6
RICR;RICL;octopamine;MA.;ser-6
RICR;RICR;octopamine;MA.;ser-6
RICL;SIADL;octopamine;MA.;ser-6
RICL;SIADR;octopamine;MA.;ser-6
RICL;SIAVL;octopamine;MA.;ser-6
RICL;SIAVR;octopamine;MA.;ser-6
RICR;SIADL;octopamine;MA.;ser-6
RICR;SIADR;octopamine;MA.;ser-6
RICR;SIAVL;octopamine;MA.;ser-6
RICR;SIAVR;octopamine;MA.;ser-6
ADEL;ALML;dopamine;MA.;dop-1
ADEL;ALMR;dopamine;MA.;dop-1
ADER;ALML;dopamine;MA.;dop-1
ADER;ALMR;dopamine;MA.;dop-1
ADEL;ALNL;dopamine;MA.;dop-1
ADEL;ALNR;dopamine;MA.;dop-1
ADER;ALNL;dopamine;MA.;dop-1
ADER;ALNR;dopamine;MA.;dop-1
ADEL;AS01;dopamine;MA.;dop-1
ADEL;AS10;dopamine;MA.;dop-1
ADEL;AS11;dopamine;MA.;dop-1
ADEL;AS02;dopamine;MA.;dop-1
ADEL;AS03;dopamine;MA.;dop-1
ADEL;AS04;dopamine;MA.;dop-1
ADEL;AS05;dopamine;MA.;dop-1
ADEL;AS06;dopamine;MA.;dop-1
ADEL;AS07;dopamine;MA.;dop-1
ADEL;AS08;dopamine;MA.;dop-1
ADEL;AS09;dopamine;MA.;dop-1
ADER;AS01;dopamine;MA.;dop-1
ADER;AS10;dopamine;MA.;dop-1
ADER;AS11;dopamine;MA.;dop-1
ADER;AS02;dopamine;MA.;dop-1
ADER;AS03;dopamine;MA.;dop-1
ADER;AS04;dopamine;MA.;dop-1
ADER;AS05;dopamine;MA.;dop-1
ADER;AS06;dopamine;MA.;dop-1
ADER;AS07;dopamine;MA.;dop-1
ADER;AS08;dopamine;MA.;dop-1
ADER;AS09;dopamine;MA.;dop-1
ADEL;AUAL;dopamine;MA.;dop-1
ADEL;AUAR;dopamine;MA.;dop-1
ADER;AUAL;dopamine;MA.;dop-1
ADER;AUAR;dopamine;MA.;dop-1
ADEL;AVM;dopamine;MA.;dop-1
ADER;AVM;dopamine;MA.;dop-1
ADEL;DA01;dopamine;MA.;dop-1
ADEL;DA02;dopamine;MA.;dop-1
ADEL;DA03;dopamine;MA.;dop-1
ADEL;DA04;dopamine;MA.;dop-1
ADEL;DA05;dopamine;MA.;dop-1
ADEL;DA06;dopamine;MA.;dop-1
ADEL;DA07;dopamine;MA.;dop-1
ADEL;DA08;dopamine;MA.;dop-1
ADEL;DA09;dopamine;MA.;dop-1
ADER;DA01;dopamine;MA.;dop-1
ADER;DA02;dopamine;MA.;dop-1
ADER;DA03;dopamine;MA.;dop-1
ADER;DA04;dopamine;MA.;dop-1
ADER;DA05;dopamine;MA.;dop-1
ADER;DA06;dopamine;MA.;dop-1
ADER;DA07;dopamine;MA.;dop-1
ADER;DA08;dopamine;MA.;dop-1
ADER;DA09;dopamine;MA.;dop-1
ADEL;DB01;dopamine;MA.;dop-1
ADEL;DB02;dopamine;MA.;dop-1
ADEL;DB03;dopamine;MA.;dop-1
ADEL;DB04;dopamine;MA.;dop-1
ADEL;DB05;dopamine;MA.;dop-1
ADEL;DB06;dopamine;MA.;dop-1
ADEL;DB07;dopamine;MA.;dop-1
ADER;DB01;dopamine;MA.;dop-1
ADER;DB02;dopamine;MA.;dop-1
ADER;DB03;dopamine;MA.;dop-1
ADER;DB04;dopamine;MA.;dop-1
ADER;DB05;dopamine;MA.;dop-1
ADER;DB06;dopamine;MA.;dop-1
ADER;DB07;dopamine;MA.;dop-1
ADEL;PHCL;dopamine;MA.;dop-1
ADEL;PHCR;dopamine;MA.;dop-1
ADER;PHCL;dopamine;MA.;dop-1
ADER;PHCR;dopamine;MA.;dop-1
ADEL;PLML;dopamine;MA.;dop-1
ADEL;PLMR;dopamine;MA.;dop-1
ADER;PLML;dopamine;MA.;dop-1
ADER;PLMR;dopamine;MA.;dop-1
ADEL;PLNL;dopamine;MA.;dop-1
ADEL;PLNR;dopamine;MA.;dop-1
ADER;PLNL;dopamine;MA.;dop-1
ADER;PLNR;dopamine;MA.;dop-1
ADEL;PVDL;dopamine;MA.;dop-1
ADEL;PVDR;dopamine;MA.;dop-1
ADER;PVDL;dopamine;MA.;dop-1
ADER;PVDR;dopamine;MA.;dop-1
ADEL;PVQL;dopamine;MA.;dop-1
ADEL;PVQR;dopamine;MA.;dop-1
ADER;PVQL;dopamine;MA.;dop-1
ADER;PVQR;dopamine;MA.;dop-1
ADEL;RIBL;dopamine;MA.;dop-1
ADEL;RIBR;dopamine;MA.;dop-1
ADER;RIBL;dopamine;MA.;dop-1
ADER;RIBR;dopamine;MA.;dop-1
ADEL;RIML;dopamine;MA.;dop-1
ADEL;RIMR;dopamine;MA.;dop-1
ADER;RIML;dopamine;MA.;dop-1
ADER;RIMR;dopamine;MA.;dop-1
ADEL;RIS;dopamine;MA.;dop-1
ADER;RIS;dopamine;MA.;dop-1
ADEL;VA01;dopamine;MA.;dop-1
ADEL;VA10;dopamine;MA.;dop-1
ADEL;VA11;dopamine;MA.;dop-1
ADEL;VA12;dopamine;MA.;dop-1
ADEL;VA02;dopamine;MA.;dop-1
ADEL;VA03;dopamine;MA.;dop-1
ADEL;VA04;dopamine;MA.;dop-1
ADEL;VA05;dopamine;MA.;dop-1
ADEL;VA06;dopamine;MA.;dop-1
ADEL;VA07;dopamine;MA.;dop-1
ADEL;VA08;dopamine;MA.;dop-1
ADEL;VA09;dopamine;MA.;dop-1
ADER;VA01;dopamine;MA.;dop-1
ADER;VA10;dopamine;MA.;dop-1
ADER;VA11;dopamine;MA.;dop-1
ADER;VA12;dopamine;MA.;dop-1
ADER;VA02;dopamine;MA.;dop-1
ADER;VA03;dopamine;MA.;dop-1
ADER;VA04;dopamine;MA.;dop-1
ADER;VA05;dopamine;MA.;dop-1
ADER;VA06;dopamine;MA.;dop-1
ADER;VA07;dopamine;MA.;dop-1
ADER;VA08;dopamine;MA.;dop-1
ADER;VA09;dopamine;MA.;dop-1
ADEL;VB01;dopamine;MA.;dop-1
ADEL;VB10;dopamine;MA.;dop-1
ADEL;VB11;dopamine;MA.;dop-1
ADEL;VB02;dopamine;MA.;dop-1
ADEL;VB03;dopamine;MA.;dop-1
ADEL;VB04;dopamine;MA.;dop-1
ADEL;VB05;dopamine;MA.;dop-1
ADEL;VB06;dopamine;MA.;dop-1
ADEL;VB07;dopamine;MA.;dop-1
ADEL;VB08;dopamine;MA.;dop-1
ADEL;VB09;dopamine;MA.;dop-1
ADER;VB01;dopamine;MA.;dop-1
ADER;VB10;dopamine;MA.;dop-1
ADER;VB11;dopamine;MA.;dop-1
ADER;VB02;dopamine;MA.;dop-1
ADER;VB03;dopamine;MA.;dop-1
ADER;VB04;dopamine;MA.;dop-1
ADER;VB05;dopamine;MA.;dop-1
ADER;VB06;dopamine;MA.;dop-1
ADER;VB07;dopamine;MA.;dop-1
ADER;VB08;dopamine;MA.;dop-1
ADER;VB09;dopamine;MA.;dop-1
CEPDL;ALML;dopamine;MA.;dop-1
CEPDL;ALMR;dopamine;MA.;dop-1
CEPDR;ALML;dopamine;MA.;dop-1
CEPDR;ALMR;dopamine;MA.;dop-1
CEPVL;ALML;dopamine;MA.;dop-1
CEPVL;ALMR;dopamine;MA.;dop-1
CEPVR;ALML;dopamine;MA.;dop-1
CEPVR;ALMR;dopamine;MA.;dop-1
CEPDL;ALNL;dopamine;MA.;dop-1
CEPDL;ALNR;dopamine;MA.;dop-1
CEPDR;ALNL;dopamine;MA.;dop-1
CEPDR;ALNR;dopamine;MA.;dop-1
CEPVL;ALNL;dopamine;MA.;dop-1
CEPVL;ALNR;dopamine;MA.;dop-1
CEPVR;ALNL;dopamine;MA.;dop-1
CEPVR;ALNR;dopamine;MA.;dop-1
CEPDL;AS01;dopamine;MA.;dop-1
CEPDL;AS10;dopamine;MA.;dop-1
CEPDL;AS11;dopamine;MA.;dop-1
CEPDL;AS02;dopamine;MA.;dop-1
CEPDL;AS03;dopamine;MA.;dop-1
CEPDL;AS04;dopamine;MA.;dop-1
CEPDL;AS05;dopamine;MA.;dop-1
CEPDL;AS06;dopamine;MA.;dop-1
CEPDL;AS07;dopamine;MA.;dop-1
CEPDL;AS08;dopamine;MA.;dop-1
CEPDL;AS09;dopamine;MA.;dop-1
CEPDR;AS01;dopamine;MA.;dop-1
CEPDR;AS10;dopamine;MA.;dop-1
CEPDR;AS11;dopamine;MA.;dop-1
CEPDR;AS02;dopamine;MA.;dop-1
CEPDR;AS03;dopamine;MA.;dop-1
CEPDR;AS04;dopamine;MA.;dop-1
CEPDR;AS05;dopamine;MA.;dop-1
CEPDR;AS06;dopamine;MA.;dop-1
CEPDR;AS07;dopamine;MA.;dop-1
CEPDR;AS08;dopamine;MA.;dop-1
CEPDR;AS09;dopamine;MA.;dop-1
CEPVL;AS01;dopamine;MA.;dop-1
CEPVL;AS10;dopamine;MA.;dop-1
CEPVL;AS11;dopamine;MA.;dop-1
CEPVL;AS02;dopamine;MA.;dop-1
CEPVL;AS03;dopamine;MA.;dop-1
CEPVL;AS04;dopamine;MA.;dop-1
CEPVL;AS05;dopamine;MA.;dop-1
CEPVL;AS06;dopamine;MA.;dop-1
CEPVL;AS07;dopamine;MA.;dop-1
CEPVL;AS08;dopamine;MA.;dop-1
CEPVL;AS09;dopamine;MA.;dop-1
CEPVR;AS01;dopamine;MA.;dop-1
CEPVR;AS10;dopamine;MA.;dop-1
CEPVR;AS11;dopamine;MA.;dop-1
CEPVR;AS02;dopamine;MA.;dop-1
CEPVR;AS03;dopamine;MA.;dop-1
CEPVR;AS04;dopamine;MA.;dop-1
CEPVR;AS05;dopamine;MA.;dop-1
CEPVR;AS06;dopamine;MA.;dop-1
CEPVR;AS07;dopamine;MA.;dop-1
CEPVR;AS08;dopamine;MA.;dop-1
CEPVR;AS09;dopamine;MA.;dop-1
CEPDL;AUAL;dopamine;MA.;dop-1
CEPDL;AUAR;dopamine;MA.;dop-1
CEPDR;AUAL;dopamine;MA.;dop-1
CEPDR;AUAR;dopamine;MA.;dop-1
CEPVL;AUAL;dopamine;MA.;dop-1
CEPVL;AUAR;dopamine;MA.;dop-1
CEPVR;AUAL;dopamine;MA.;dop-1
CEPVR;AUAR;dopamine;MA.;dop-1
CEPDL;AVM;dopamine;MA.;dop-1
CEPDR;AVM;dopamine;MA.;dop-1
CEPVL;AVM;dopamine;MA.;dop-1
CEPVR;AVM;dopamine;MA.;dop-1
CEPDL;DA01;dopamine;MA.;dop-1
CEPDL;DA02;dopamine;MA.;dop-1
CEPDL;DA03;dopamine;MA.;dop-1
CEPDL;DA04;dopamine;MA.;dop-1
CEPDL;DA05;dopamine;MA.;dop-1
CEPDL;DA06;dopamine;MA.;dop-1
CEPDL;DA07;dopamine;MA.;dop-1
CEPDL;DA08;dopamine;MA.;dop-1
CEPDL;DA09;dopamine;MA.;dop-1
CEPDR;DA01;dopamine;MA.;dop-1
CEPDR;DA02;dopamine;MA.;dop-1
CEPDR;DA03;dopamine;MA.;dop-1
CEPDR;DA04;dopamine;MA.;dop-1
CEPDR;DA05;dopamine;MA.;dop-1
CEPDR;DA06;dopamine;MA.;dop-1
CEPDR;DA07;dopamine;MA.;dop-1
CEPDR;DA08;dopamine;MA.;dop-1
CEPDR;DA09;dopamine;MA.;dop-1
CEPVL;DA01;dopamine;MA.;dop-1
CEPVL;DA02;dopamine;MA.;dop-1
CEPVL;DA03;dopamine;MA.;dop-1
CEPVL;DA04;dopamine;MA.;dop-1
CEPVL;DA05;dopamine;MA.;dop-1
CEPVL;DA06;dopamine;MA.;dop-1
CEPVL;DA07;dopamine;MA.;dop-1
CEPVL;DA08;dopamine;MA.;dop-1
CEPVL;DA09;dopamine;MA.;dop-1
CEPVR;DA01;dopamine;MA.;dop-1
CEPVR;DA02;dopamine;MA.;dop-1
CEPVR;DA03;dopamine;MA.;dop-1
CEPVR;DA04;dopamine;MA.;dop-1
CEPVR;DA05;dopamine;MA.;dop-1
CEPVR;DA06;dopamine;MA.;dop-1
CEPVR;DA07;dopamine;MA.;dop-1
CEPVR;DA08;dopamine;MA.;dop-1
CEPVR;DA09;dopamine;MA.;dop-1
CEPDL;DB01;dopamine;MA.;dop-1
CEPDL;DB02;dopamine;MA.;dop-1
CEPDL;DB03;dopamine;MA.;dop-1
CEPDL;DB04;dopamine;MA.;dop-1
CEPDL;DB05;dopamine;MA.;dop-1
CEPDL;DB06;dopamine;MA.;dop-1
CEPDL;DB07;dopamine;MA.;dop-1
CEPDR;DB01;dopamine;MA.;dop-1
CEPDR;DB02;dopamine;MA.;dop-1
CEPDR;DB03;dopamine;MA.;dop-1
CEPDR;DB04;dopamine;MA.;dop-1
CEPDR;DB05;dopamine;MA.;dop-1
CEPDR;DB06;dopamine;MA.;dop-1
CEPDR;DB07;dopamine;MA.;dop-1
CEPVL;DB01;dopamine;MA.;dop-1
CEPVL;DB02;dopamine;MA.;dop-1
CEPVL;DB03;dopamine;MA.;dop-1
CEPVL;DB04;dopamine;MA.;dop-1
CEPVL;DB05;dopamine;MA.;dop-1
CEPVL;DB06;dopamine;MA.;dop-1
CEPVL;DB07;dopamine;MA.;dop-1
CEPVR;DB01;dopamine;MA.;dop-1
CEPVR;DB02;dopamine;MA.;dop-1
CEPVR;DB03;dopamine;MA.;dop-1
CEPVR;DB04;dopamine;MA.;dop-1
CEPVR;DB05;dopamine;MA.;dop-1
CEPVR;DB06;dopamine;MA.;dop-1
CEPVR;DB07;dopamine;MA.;dop-1
CEPDL;PHCL;dopamine;MA.;dop-1
CEPDL;PHCR;dopamine;MA.;dop-1
CEPDR;PHCL;dopamine;MA.;dop-1
CEPDR;PHCR;dopamine;MA.;dop-1
CEPVL;PHCL;dopamine;MA.;dop-1
CEPVL;PHCR;dopamine;MA.;dop-1
CEPVR;PHCL;dopamine;MA.;dop-1
CEPVR;PHCR;dopamine;MA.;dop-1
CEPDL;PLML;dopamine;MA.;dop-1
CEPDL;PLMR;dopamine;MA.;dop-1
CEPDR;PLML;dopamine;MA.;dop-1
CEPDR;PLMR;dopamine;MA.;dop-1
CEPVL;PLML;dopamine;MA.;dop-1
CEPVL;PLMR;dopamine;MA.;dop-1
CEPVR;PLML;dopamine;MA.;dop-1
CEPVR;PLMR;dopamine;MA.;dop-1
CEPDL;PLNL;dopamine;MA.;dop-1
CEPDL;PLNR;dopamine;MA.;dop-1
CEPDR;PLNL;dopamine;MA.;dop-1
CEPDR;PLNR;dopamine;MA.;dop-1
CEPVL;PLNL;dopamine;MA.;dop-1
CEPVL;PLNR;dopamine;MA.;dop-1
CEPVR;PLNL;dopamine;MA.;dop-1
CEPVR;PLNR;dopamine;MA.;dop-1
CEPDL;PVDL;dopamine;MA.;dop-1
CEPDL;PVDR;dopamine;MA.;dop-1
CEPDR;PVDL;dopamine;MA.;dop-1
CEPDR;PVDR;dopamine;MA.;dop-1
CEPVL;PVDL;dopamine;MA.;dop-1
CEPVL;PVDR;dopamine;MA.;dop-1
CEPVR;PVDL;dopamine;MA.;dop-1
CEPVR;PVDR;dopamine;MA.;dop-1
CEPDL;PVQL;dopamine;MA.;dop-1
CEPDL;PVQR;dopamine;MA.;dop-1
CEPDR;PVQL;dopamine;MA.;dop-1
CEPDR;PVQR;dopamine;MA.;dop-1
CEPVL;PVQL;dopamine;MA.;dop-1
CEPVL;PVQR;dopamine;MA.;dop-1
CEPVR;PVQL;dopamine;MA.;dop-1
CEPVR;PVQR;dopamine;MA.;dop-1
CEPDL;RIBL;dopamine;MA.;dop-1
CEPDL;RIBR;dopamine;MA.;dop-1
CEPDR;RIBL;dopamine;MA.;dop-1
CEPDR;RIBR;dopamine;MA.;dop-1
CEPVL;RIBL;dopamine;MA.;dop-1
CEPVL;RIBR;dopamine;MA.;dop-1
CEPVR;RIBL;dopamine;MA.;dop-1
CEPVR;RIBR;dopamine;MA.;dop-1
CEPDL;RIML;dopamine;MA.;dop-1
CEPDL;RIMR;dopamine;MA.;dop-1
CEPDR;RIML;dopamine;MA.;dop-1
CEPDR;RIMR;dopamine;MA.;dop-1
CEPVL;RIML;dopamine;MA.;dop-1
CEPVL;RIMR;dopamine;MA.;dop-1
CEPVR;RIML;dopamine;MA.;dop-1
CEPVR;RIMR;dopamine;MA.;dop-1
CEPDL;RIS;dopamine;MA.;dop-1
CEPDR;RIS;dopamine;MA.;dop-1
CEPVL;RIS;dopamine;MA.;dop-1
CEPVR;RIS;dopamine;MA.;dop-1
CEPDL;VA01;dopamine;MA.;dop-1
CEPDL;VA10;dopamine;MA.;dop-1
CEPDL;VA11;dopamine;MA.;dop-1
CEPDL;VA12;dopamine;MA.;dop-1
CEPDL;VA02;dopamine;MA.;dop-1
CEPDL;VA03;dopamine;MA.;dop-1
CEPDL;VA04;dopamine;MA.;dop-1
CEPDL;VA05;dopamine;MA.;dop-1
CEPDL;VA06;dopamine;MA.;dop-1
CEPDL;VA07;dopamine;MA.;dop-1
CEPDL;VA08;dopamine;MA.;dop-1
CEPDL;VA09;dopamine;MA.;dop-1
CEPDR;VA01;dopamine;MA.;dop-1
CEPDR;VA10;dopamine;MA.;dop-1
CEPDR;VA11;dopamine;MA.;dop-1
CEPDR;VA12;dopamine;MA.;dop-1
CEPDR;VA02;dopamine;MA.;dop-1
CEPDR;VA03;dopamine;MA.;dop-1
CEPDR;VA04;dopamine;MA.;dop-1
CEPDR;VA05;dopamine;MA.;dop-1
CEPDR;VA06;dopamine;MA.;dop-1
CEPDR;VA07;dopamine;MA.;dop-1
CEPDR;VA08;dopamine;MA.;dop-1
CEPDR;VA09;dopamine;MA.;dop-1
CEPVL;VA01;dopamine;MA.;dop-1
CEPVL;VA10;dopamine;MA.;dop-1
CEPVL;VA11;dopamine;MA.;dop-1
CEPVL;VA12;dopamine;MA.;dop-1
CEPVL;VA02;dopamine;MA.;dop-1
CEPVL;VA03;dopamine;MA.;dop-1
CEPVL;VA04;dopamine;MA.;dop-1
CEPVL;VA05;dopamine;MA.;dop-1
CEPVL;VA06;dopamine;MA.;dop-1
CEPVL;VA07;dopamine;MA.;dop-1
CEPVL;VA08;dopamine;MA.;dop-1
CEPVL;VA09;dopamine;MA.;dop-1
CEPVR;VA01;dopamine;MA.;dop-1
CEPVR;VA10;dopamine;MA.;dop-1
CEPVR;VA11;dopamine;MA.;dop-1
CEPVR;VA12;dopamine;MA.;dop-1
CEPVR;VA02;dopamine;MA.;dop-1
CEPVR;VA03;dopamine;MA.;dop-1
CEPVR;VA04;dopamine;MA.;dop-1
CEPVR;VA05;dopamine;MA.;dop-1
CEPVR;VA06;dopamine;MA.;dop-1
CEPVR;VA07;dopamine;MA.;dop-1
CEPVR;VA08;dopamine;MA.;dop-1
CEPVR;VA09;dopamine;MA.;dop-1
CEPDL;VB01;dopamine;MA.;dop-1
CEPDL;VB10;dopamine;MA.;dop-1
CEPDL;VB11;dopamine;MA.;dop-1
CEPDL;VB02;dopamine;MA.;dop-1
CEPDL;VB03;dopamine;MA.;dop-1
CEPDL;VB04;dopamine;MA.;dop-1
CEPDL;VB05;dopamine;MA.;dop-1
CEPDL;VB06;dopamine;MA.;dop-1
CEPDL;VB07;dopamine;MA.;dop-1
CEPDL;VB08;dopamine;MA.;dop-1
CEPDL;VB09;dopamine;MA.;dop-1
CEPDR;VB01;dopamine;MA.;dop-1
CEPDR;VB10;dopamine;MA.;dop-1
CEPDR;VB11;dopamine;MA.;dop-1
CEPDR;VB02;dopamine;MA.;dop-1
CEPDR;VB03;dopamine;MA.;dop-1
CEPDR;VB04;dopamine;MA.;dop-1
CEPDR;VB05;dopamine;MA.;dop-1
CEPDR;VB06;dopamine;MA.;dop-1
CEPDR;VB07;dopamine;MA.;dop-1
CEPDR;VB08;dopamine;MA.;dop-1
CEPDR;VB09;dopamine;MA.;dop-1
CEPVL;VB01;dopamine;MA.;dop-1
CEPVL;VB10;dopamine;MA.;dop-1
CEPVL;VB11;dopamine;MA.;dop-1
CEPVL;VB02;dopamine;MA.;dop-1
CEPVL;VB03;dopamine;MA.;dop-1
CEPVL;VB04;dopamine;MA.;dop-1
CEPVL;VB05;dopamine;MA.;dop-1
CEPVL;VB06;dopamine;MA.;dop-1
CEPVL;VB07;dopamine;MA.;dop-1
CEPVL;VB08;dopamine;MA.;dop-1
CEPVL;VB09;dopamine;MA.;dop-1
CEPVR;VB01;dopamine;MA.;dop-1
CEPVR;VB10;dopamine;MA.;dop-1
CEPVR;VB11;dopamine;MA.;dop-1
CEPVR;VB02;dopamine;MA.;dop-1
CEPVR;VB03;dopamine;MA.;dop-1
CEPVR;VB04;dopamine;MA.;dop-1
CEPVR;VB05;dopamine;MA.;dop-1
CEPVR;VB06;dopamine;MA.;dop-1
CEPVR;VB07;dopamine;MA.;dop-1
CEPVR;VB08;dopamine;MA.;dop-1
CEPVR;VB09;dopamine;MA.;dop-1
PDEL;ALML;dopamine;MA.;dop-1
PDEL;ALMR;dopamine;MA.;dop-1
PDER;ALML;dopamine;MA.;dop-1
PDER;ALMR;dopamine;MA.;dop-1
PDEL;ALNL;dopamine;MA.;dop-1
PDEL;ALNR;dopamine;MA.;dop-1
PDER;ALNL;dopamine;MA.;dop-1
PDER;ALNR;dopamine;MA.;dop-1
PDEL;AS01;dopamine;MA.;dop-1
PDEL;AS10;dopamine;MA.;dop-1
PDEL;AS11;dopamine;MA.;dop-1
PDEL;AS02;dopamine;MA.;dop-1
PDEL;AS03;dopamine;MA.;dop-1
PDEL;AS04;dopamine;MA.;dop-1
PDEL;AS05;dopamine;MA.;dop-1
PDEL;AS06;dopamine;MA.;dop-1
PDEL;AS07;dopamine;MA.;dop-1
PDEL;AS08;dopamine;MA.;dop-1
PDEL;AS09;dopamine;MA.;dop-1
PDER;AS01;dopamine;MA.;dop-1
PDER;AS10;dopamine;MA.;dop-1
PDER;AS11;dopamine;MA.;dop-1
PDER;AS02;dopamine;MA.;dop-1
PDER;AS03;dopamine;MA.;dop-1
PDER;AS04;dopamine;MA.;dop-1
PDER;AS05;dopamine;MA.;dop-1
PDER;AS06;dopamine;MA.;dop-1
PDER;AS07;dopamine;MA.;dop-1
PDER;AS08;dopamine;MA.;dop-1
PDER;AS09;dopamine;MA.;dop-1
PDEL;AUAL;dopamine;MA.;dop-1
PDEL;AUAR;dopamine;MA.;dop-1
PDER;AUAL;dopamine;MA.;dop-1
PDER;AUAR;dopamine;MA.;dop-1
PDEL;AVM;dopamine;MA.;dop-1
PDER;AVM;dopamine;MA.;dop-1
PDEL;DA01;dopamine;MA.;dop-1
PDEL;DA02;dopamine;MA.;dop-1
PDEL;DA03;dopamine;MA.;dop-1
PDEL;DA04;dopamine;MA.;dop-1
PDEL;DA05;dopamine;MA.;dop-1
PDEL;DA06;dopamine;MA.;dop-1
PDEL;DA07;dopamine;MA.;dop-1
PDEL;DA08;dopamine;MA.;dop-1
PDEL;DA09;dopamine;MA.;dop-1
PDER;DA01;dopamine;MA.;dop-1
PDER;DA02;dopamine;MA.;dop-1
PDER;DA03;dopamine;MA.;dop-1
PDER;DA04;dopamine;MA.;dop-1
PDER;DA05;dopamine;MA.;dop-1
PDER;DA06;dopamine;MA.;dop-1
PDER;DA07;dopamine;MA.;dop-1
PDER;DA08;dopamine;MA.;dop-1
PDER;DA09;dopamine;MA.;dop-1
PDEL;DB01;dopamine;MA.;dop-1
PDEL;DB02;dopamine;MA.;dop-1
PDEL;DB03;dopamine;MA.;dop-1
PDEL;DB04;dopamine;MA.;dop-1
PDEL;DB05;dopamine;MA.;dop-1
PDEL;DB06;dopamine;MA.;dop-1
PDEL;DB07;dopamine;MA.;dop-1
PDER;DB01;dopamine;MA.;dop-1
PDER;DB02;dopamine;MA.;dop-1
PDER;DB03;dopamine;MA.;dop-1
PDER;DB04;dopamine;MA.;dop-1
PDER;DB05;dopamine;MA.;dop-1
PDER;DB06;dopamine;MA.;dop-1
PDER;DB07;dopamine;MA.;dop-1
PDEL;PHCL;dopamine;MA.;dop-1
PDEL;PHCR;dopamine;MA.;dop-1
PDER;PHCL;dopamine;MA.;dop-1
PDER;PHCR;dopamine;MA.;dop-1
PDEL;PLML;dopamine;MA.;dop-1
PDEL;PLMR;dopamine;MA.;dop-1
PDER;PLML;dopamine;MA.;dop-1
PDER;PLMR;dopamine;MA.;dop-1
PDEL;PLNL;dopamine;MA.;dop-1
PDEL;PLNR;dopamine;MA.;dop-1
PDER;PLNL;dopamine;MA.;dop-1
PDER;PLNR;dopamine;MA.;dop-1
PDEL;PVDL;dopamine;MA.;dop-1
PDEL;PVDR;dopamine;MA.;dop-1
PDER;PVDL;dopamine;MA.;dop-1
PDER;PVDR;dopamine;MA.;dop-1
PDEL;PVQL;dopamine;MA.;dop-1
PDEL;PVQR;dopamine;MA.;dop-1
PDER;PVQL;dopamine;MA.;dop-1
PDER;PVQR;dopamine;MA.;dop-1
PDEL;RIBL;dopamine;MA.;dop-1
PDEL;RIBR;dopamine;MA.;dop-1
PDER;RIBL;dopamine;MA.;dop-1
PDER;RIBR;dopamine;MA.;dop-1
PDEL;RIML;dopamine;MA.;dop-1
PDEL;RIMR;dopamine;MA.;dop-1
PDER;RIML;dopamine;MA.;dop-1
PDER;RIMR;dopamine;MA.;dop-1
PDEL;RIS;dopamine;MA.;dop-1
PDER;RIS;dopamine;MA.;dop-1
PDEL;VA01;dopamine;MA.;dop-1
PDEL;VA10;dopamine;MA.;dop-1
PDEL;VA11;dopamine;MA.;dop-1
PDEL;VA12;dopamine;MA.;dop-1
PDEL;VA02;dopamine;MA.;dop-1
PDEL;VA03;dopamine;MA.;dop-1
PDEL;VA04;dopamine;MA.;dop-1
PDEL;VA05;dopamine;MA.;dop-1
PDEL;VA06;dopamine;MA.;dop-1
PDEL;VA07;dopamine;MA.;dop-1
PDEL;VA08;dopamine;MA.;dop-1
PDEL;VA09;dopamine;MA.;dop-1
PDER;VA01;dopamine;MA.;dop-1
PDER;VA10;dopamine;MA.;dop-1
PDER;VA11;dopamine;MA.;dop-1
PDER;VA12;dopamine;MA.;dop-1
PDER;VA02;dopamine;MA.;dop-1
PDER;VA03;dopamine;MA.;dop-1
PDER;VA04;dopamine;MA.;dop-1
PDER;VA05;dopamine;MA.;dop-1
PDER;VA06;dopamine;MA.;dop-1
PDER;VA07;dopamine;MA.;dop-1
PDER;VA08;dopamine;MA.;dop-1
PDER;VA09;dopamine;MA.;dop-1
PDEL;VB01;dopamine;MA.;dop-1
PDEL;VB10;dopamine;MA.;dop-1
PDEL;VB11;dopamine;MA.;dop-1
PDEL;VB02;dopamine;MA.;dop-1
PDEL;VB03;dopamine;MA.;dop-1
PDEL;VB04;dopamine;MA.;dop-1
PDEL;VB05;dopamine;MA.;dop-1
PDEL;VB06;dopamine;MA.;dop-1
PDEL;VB07;dopamine;MA.;dop-1
PDEL;VB08;dopamine;MA.;dop-1
PDEL;VB09;dopamine;MA.;dop-1
PDER;VB01;dopamine;MA.;dop-1
PDER;VB10;dopamine;MA.;dop-1
PDER;VB11;dopamine;MA.;dop-1
PDER;VB02;dopamine;MA.;dop-1
PDER;VB03;dopamine;MA.;dop-1
PDER;VB04;dopamine;MA.;dop-1
PDER;VB05;dopamine;MA.;dop-1
PDER;VB06;dopamine;MA.;dop-1
PDER;VB07;dopamine;MA.;dop-1
PDER;VB08;dopamine;MA.;dop-1
PDER;VB09;dopamine;MA.;dop-1
ADEL;ADEL;dopamine;MA.;dop-2
ADEL;ADER;dopamine;MA.;dop-2
ADER;ADEL;dopamine;MA.;dop-2
ADER;ADER;dopamine;MA.;dop-2
ADEL;CEPDL;dopamine;MA.;dop-2
ADEL;CEPDR;dopamine;MA.;dop-2
ADEL;CEPVL;dopamine;MA.;dop-2
ADEL;CEPVR;dopamine;MA.;dop-2
ADER;CEPDL;dopamine;MA.;dop-2
ADER;CEPDR;dopamine;MA.;dop-2
ADER;CEPVL;dopamine;MA.;dop-2
ADER;CEPVR;dopamine;MA.;dop-2
ADEL;PDA;dopamine;MA.;dop-2
ADER;PDA;dopamine;MA.;dop-2
ADEL;PDEL;dopamine;MA.;dop-2
ADEL;PDER;dopamine;MA.;dop-2
ADER;PDEL;dopamine;MA.;dop-2
ADER;PDER;dopamine;MA.;dop-2
ADEL;RIAL;dopamine;MA.;dop-2
ADEL;RIAR;dopamine;MA.;dop-2
ADER;RIAL;dopamine;MA.;dop-2
ADER;RIAR;dopamine;MA.;dop-2
ADEL;RID;dopamine;MA.;dop-2
ADER;RID;dopamine;MA.;dop-2
ADEL;SIADL;dopamine;MA.;dop-2
ADEL;SIADR;dopamine;MA.;dop-2
ADEL;SIAVL;dopamine;MA.;dop-2
ADEL;SIAVR;dopamine;MA.;dop-2
ADER;SIADL;dopamine;MA.;dop-2
ADER;SIADR;dopamine;MA.;dop-2
ADER;SIAVL;dopamine;MA.;dop-2
ADER;SIAVR;dopamine;MA.;dop-2
ADEL;SIBDL;dopamine;MA.;dop-2
ADEL;SIBDR;dopamine;MA.;dop-2
ADEL;SIBVL;dopamine;MA.;dop-2
ADEL;SIBVR;dopamine;MA.;dop-2
ADER;SIBDL;dopamine;MA.;dop-2
ADER;SIBDR;dopamine;MA.;dop-2
ADER;SIBVL;dopamine;MA.;dop-2
ADER;SIBVR;dopamine;MA.;dop-2
CEPDL;ADEL;dopamine;MA.;dop-2
CEPDL;ADER;dopamine;MA.;dop-2
CEPDR;ADEL;dopamine;MA.;dop-2
CEPDR;ADER;dopamine;MA.;dop-2
CEPVL;ADEL;dopamine;MA.;dop-2
CEPVL;ADER;dopamine;MA.;dop-2
CEPVR;ADEL;dopamine;MA.;dop-2
CEPVR;ADER;dopamine;MA.;dop-2
CEPDL;CEPDL;dopamine;MA.;dop-2
CEPDL;CEPDR;dopamine;MA.;dop-2
CEPDL;CEPVL;dopamine;MA.;dop-2
CEPDL;CEPVR;dopamine;MA.;dop-2
CEPDR;CEPDL;dopamine;MA.;dop-2
CEPDR;CEPDR;dopamine;MA.;dop-2
CEPDR;CEPVL;dopamine;MA.;dop-2
CEPDR;CEPVR;dopamine;MA.;dop-2
CEPVL;CEPDL;dopamine;MA.;dop-2
CEPVL;CEPDR;dopamine;MA.;dop-2
CEPVL;CEPVL;dopamine;MA.;dop-2
CEPVL;CEPVR;dopamine;MA.;dop-2
CEPVR;CEPDL;dopamine;MA.;dop-2
CEPVR;CEPDR;dopamine;MA.;dop-2
CEPVR;CEPVL;dopamine;MA.;dop-2
CEPVR;CEPVR;dopamine;MA.;dop-2
CEPDL;PDA;dopamine;MA.;dop-2
CEPDR;PDA;dopamine;MA.;dop-2
CEPVL;PDA;dopamine;MA.;dop-2
CEPVR;PDA;dopamine;MA.;dop-2
CEPDL;PDEL;dopamine;MA.;dop-2
CEPDL;PDER;dopamine;MA.;dop-2
CEPDR;PDEL;dopamine;MA.;dop-2
CEPDR;PDER;dopamine;MA.;dop-2
CEPVL;PDEL;dopamine;MA.;dop-2
CEPVL;PDER;dopamine;MA.;dop-2
CEPVR;PDEL;dopamine;MA.;dop-2
CEPVR;PDER;dopamine;MA.;dop-2
CEPDL;RIAL;dopamine;MA.;dop-2
CEPDL;RIAR;dopamine;MA.;dop-2
CEPDR;RIAL;dopamine;MA.;dop-2
CEPDR;RIAR;dopamine;MA.;dop-2
CEPVL;RIAL;dopamine;MA.;dop-2
CEPVL;RIAR;dopamine;MA.;dop-2
CEPVR;RIAL;dopamine;MA.;dop-2
CEPVR;RIAR;dopamine;MA.;dop-2
CEPDL;RID;dopamine;MA.;dop-2
CEPDR;RID;dopamine;MA.;dop-2
CEPVL;RID;dopamine;MA.;dop-2
CEPVR;RID;dopamine;MA.;dop-2
CEPDL;SIADL;dopamine;MA.;dop-2
CEPDL;SIADR;dopamine;MA.;dop-2
CEPDL;SIAVL;dopamine;MA.;dop-2
CEPDL;SIAVR;dopamine;MA.;dop-2
CEPDR;SIADL;dopamine;MA.;dop-2
CEPDR;SIADR;dopamine;MA.;dop-2
CEPDR;SIAVL;dopamine;MA.;dop-2
CEPDR;SIAVR;dopamine;MA.;dop-2
CEPVL;SIADL;dopamine;MA.;dop-2
CEPVL;SIADR;dopamine;MA.;dop-2
CEPVL;SIAVL;dopamine;MA.;dop-2
CEPVL;SIAVR;dopamine;MA.;dop-2
CEPVR;SIADL;dopamine;MA.;dop-2
CEPVR;SIADR;dopamine;MA.;dop-2
CEPVR;SIAVL;dopamine;MA.;dop-2
CEPVR;SIAVR;dopamine;MA.;dop-2
CEPDL;SIBDL;dopamine;MA.;dop-2
CEPDL;SIBDR;dopamine;MA.;dop-2
CEPDL;SIBVL;dopamine;MA.;dop-2
CEPDL;SIBVR;dopamine;MA.;dop-2
CEPDR;SIBDL;dopamine;MA.;dop-2
CEPDR;SIBDR;dopamine;MA.;dop-2
CEPDR;SIBVL;dopamine;MA.;dop-2
CEPDR;SIBVR;dopamine;MA.;dop-2
CEPVL;SIBDL;dopamine;MA.;dop-2
CEPVL;SIBDR;dopamine;MA.;dop-2
CEPVL;SIBVL;dopamine;MA.;dop-2
CEPVL;SIBVR;dopamine;MA.;dop-2
CEPVR;SIBDL;dopamine;MA.;dop-2
CEPVR;SIBDR;dopamine;MA.;dop-2
CEPVR;SIBVL;dopamine;MA.;dop-2
CEPVR;SIBVR;dopamine;MA.;dop-2
PDEL;ADEL;dopamine;MA.;dop-2
PDEL;ADER;dopamine;MA.;dop-2
PDER;ADEL;dopamine;MA.;dop-2
PDER;ADER;dopamine;MA.;dop-2
PDEL;CEPDL;dopamine;MA.;dop-2
PDEL;CEPDR;dopamine;MA.;dop-2
PDEL;CEPVL;dopamine;MA.;dop-2
PDEL;CEPVR;dopamine;MA.;dop-2
PDER;CEPDL;dopamine;MA.;dop-2
PDER;CEPDR;dopamine;MA.;dop-2
PDER;CEPVL;dopamine;MA.;dop-2
PDER;CEPVR;dopamine;MA.;dop-2
PDEL;PDA;dopamine;MA.;dop-2
PDER;PDA;dopamine;MA.;dop-2
PDEL;PDEL;dopamine;MA.;dop-2
PDEL;PDER;dopamine;MA.;dop-2
PDER;PDEL;dopamine;MA.;dop-2
PDER;PDER;dopamine;MA.;dop-2
PDEL;RIAL;dopamine;MA.;dop-2
PDEL;RIAR;dopamine;MA.;dop-2
PDER;RIAL;dopamine;MA.;dop-2
PDER;RIAR;dopamine;MA.;dop-2
PDEL;RID;dopamine;MA.;dop-2
PDER;RID;dopamine;MA.;dop-2
PDEL;SIADL;dopamine;MA.;dop-2
PDEL;SIADR;dopamine;MA.;dop-2
PDEL;SIAVL;dopamine;MA.;dop-2
PDEL;SIAVR;dopamine;MA.;dop-2
PDER;SIADL;dopamine;MA.;dop-2
PDER;SIADR;dopamine;MA.;dop-2
PDER;SIAVL;dopamine;MA.;dop-2
PDER;SIAVR;dopamine;MA.;dop-2
PDEL;SIBDL;dopamine;MA.;dop-2
PDEL;SIBDR;dopamine;MA.;dop-2
PDEL;SIBVL;dopamine;MA.;dop-2
PDEL;SIBVR;dopamine;MA.;dop-2
PDER;SIBDL;dopamine;MA.;dop-2
PDER;SIBDR;dopamine;MA.;dop-2
PDER;SIBVL;dopamine;MA.;dop-2
PDER;SIBVR;dopamine;MA.;dop-2
ADEL;AS01;dopamine;MA.;dop-3
ADEL;AS10;dopamine;MA.;dop-3
ADEL;AS11;dopamine;MA.;dop-3
ADEL;AS02;dopamine;MA.;dop-3
ADEL;AS03;dopamine;MA.;dop-3
ADEL;AS04;dopamine;MA.;dop-3
ADEL;AS05;dopamine;MA.;dop-3
ADEL;AS06;dopamine;MA.;dop-3
ADEL;AS07;dopamine;MA.;dop-3
ADEL;AS08;dopamine;MA.;dop-3
ADEL;AS09;dopamine;MA.;dop-3
ADER;AS01;dopamine;MA.;dop-3
ADER;AS10;dopamine;MA.;dop-3
ADER;AS11;dopamine;MA.;dop-3
ADER;AS02;dopamine;MA.;dop-3
ADER;AS03;dopamine;MA.;dop-3
ADER;AS04;dopamine;MA.;dop-3
ADER;AS05;dopamine;MA.;dop-3
ADER;AS06;dopamine;MA.;dop-3
ADER;AS07;dopamine;MA.;dop-3
ADER;AS08;dopamine;MA.;dop-3
ADER;AS09;dopamine;MA.;dop-3
ADEL;ASEL;dopamine;MA.;dop-3
ADEL;ASER;dopamine;MA.;dop-3
ADER;ASEL;dopamine;MA.;dop-3
ADER;ASER;dopamine;MA.;dop-3
ADEL;ASKL;dopamine;MA.;dop-3
ADEL;ASKR;dopamine;MA.;dop-3
ADER;ASKL;dopamine;MA.;dop-3
ADER;ASKR;dopamine;MA.;dop-3
ADEL;DA01;dopamine;MA.;dop-3
ADEL;DA02;dopamine;MA.;dop-3
ADEL;DA03;dopamine;MA.;dop-3
ADEL;DA04;dopamine;MA.;dop-3
ADEL;DA05;dopamine;MA.;dop-3
ADEL;DA06;dopamine;MA.;dop-3
ADEL;DA07;dopamine;MA.;dop-3
ADEL;DA08;dopamine;MA.;dop-3
ADEL;DA09;dopamine;MA.;dop-3
ADER;DA01;dopamine;MA.;dop-3
ADER;DA02;dopamine;MA.;dop-3
ADER;DA03;dopamine;MA.;dop-3
ADER;DA04;dopamine;MA.;dop-3
ADER;DA05;dopamine;MA.;dop-3
ADER;DA06;dopamine;MA.;dop-3
ADER;DA07;dopamine;MA.;dop-3
ADER;DA08;dopamine;MA.;dop-3
ADER;DA09;dopamine;MA.;dop-3
ADEL;DB01;dopamine;MA.;dop-3
ADEL;DB02;dopamine;MA.;dop-3
ADEL;DB03;dopamine;MA.;dop-3
ADEL;DB04;dopamine;MA.;dop-3
ADEL;DB05;dopamine;MA.;dop-3
ADEL;DB06;dopamine;MA.;dop-3
ADEL;DB07;dopamine;MA.;dop-3
ADER;DB01;dopamine;MA.;dop-3
ADER;DB02;dopamine;MA.;dop-3
ADER;DB03;dopamine;MA.;dop-3
ADER;DB04;dopamine;MA.;dop-3
ADER;DB05;dopamine;MA.;dop-3
ADER;DB06;dopamine;MA.;dop-3
ADER;DB07;dopamine;MA.;dop-3
ADEL;DD01;dopamine;MA.;dop-3
ADEL;DD02;dopamine;MA.;dop-3
ADEL;DD03;dopamine;MA.;dop-3
ADEL;DD04;dopamine;MA.;dop-3
ADEL;DD05;dopamine;MA.;dop-3
ADEL;DD06;dopamine;MA.;dop-3
ADER;DD01;dopamine;MA.;dop-3
ADER;DD02;dopamine;MA.;dop-3
ADER;DD03;dopamine;MA.;dop-3
ADER;DD04;dopamine;MA.;dop-3
ADER;DD05;dopamine;MA.;dop-3
ADER;DD06;dopamine;MA.;dop-3
ADEL;NSML;dopamine;MA.;dop-3
ADEL;NSMR;dopamine;MA.;dop-3
ADER;NSML;dopamine;MA.;dop-3
ADER;NSMR;dopamine;MA.;dop-3
ADEL;PVDL;dopamine;MA.;dop-3
ADEL;PVDR;dopamine;MA.;dop-3
ADER;PVDL;dopamine;MA.;dop-3
ADER;PVDR;dopamine;MA.;dop-3
ADEL;RICL;dopamine;MA.;dop-3
ADEL;RICR;dopamine;MA.;dop-3
ADER;RICL;dopamine;MA.;dop-3
ADER;RICR;dopamine;MA.;dop-3
ADEL;SIADL;dopamine;MA.;dop-3
ADEL;SIADR;dopamine;MA.;dop-3
ADEL;SIAVL;dopamine;MA.;dop-3
ADEL;SIAVR;dopamine;MA.;dop-3
ADER;SIADL;dopamine;MA.;dop-3
ADER;SIADR;dopamine;MA.;dop-3
ADER;SIAVL;dopamine;MA.;dop-3
ADER;SIAVR;dopamine;MA.;dop-3
ADEL;VA01;dopamine;MA.;dop-3
ADEL;VA10;dopamine;MA.;dop-3
ADEL;VA11;dopamine;MA.;dop-3
ADEL;VA12;dopamine;MA.;dop-3
ADEL;VA02;dopamine;MA.;dop-3
ADEL;VA03;dopamine;MA.;dop-3
ADEL;VA04;dopamine;MA.;dop-3
ADEL;VA05;dopamine;MA.;dop-3
ADEL;VA06;dopamine;MA.;dop-3
ADEL;VA07;dopamine;MA.;dop-3
ADEL;VA08;dopamine;MA.;dop-3
ADEL;VA09;dopamine;MA.;dop-3
ADER;VA01;dopamine;MA.;dop-3
ADER;VA10;dopamine;MA.;dop-3
ADER;VA11;dopamine;MA.;dop-3
ADER;VA12;dopamine;MA.;dop-3
ADER;VA02;dopamine;MA.;dop-3
ADER;VA03;dopamine;MA.;dop-3
ADER;VA04;dopamine;MA.;dop-3
ADER;VA05;dopamine;MA.;dop-3
ADER;VA06;dopamine;MA.;dop-3
ADER;VA07;dopamine;MA.;dop-3
ADER;VA08;dopamine;MA.;dop-3
ADER;VA09;dopamine;MA.;dop-3
ADEL;VB01;dopamine;MA.;dop-3
ADEL;VB10;dopamine;MA.;dop-3
ADEL;VB11;dopamine;MA.;dop-3
ADEL;VB02;dopamine;MA.;dop-3
ADEL;VB03;dopamine;MA.;dop-3
ADEL;VB04;dopamine;MA.;dop-3
ADEL;VB05;dopamine;MA.;dop-3
ADEL;VB06;dopamine;MA.;dop-3
ADEL;VB07;dopamine;MA.;dop-3
ADEL;VB08;dopamine;MA.;dop-3
ADEL;VB09;dopamine;MA.;dop-3
ADER;VB01;dopamine;MA.;dop-3
ADER;VB10;dopamine;MA.;dop-3
ADER;VB11;dopamine;MA.;dop-3
ADER;VB02;dopamine;MA.;dop-3
ADER;VB03;dopamine;MA.;dop-3
ADER;VB04;dopamine;MA.;dop-3
ADER;VB05;dopamine;MA.;dop-3
ADER;VB06;dopamine;MA.;dop-3
ADER;VB07;dopamine;MA.;dop-3
ADER;VB08;dopamine;MA.;dop-3
ADER;VB09;dopamine;MA.;dop-3
ADEL;VD01;dopamine;MA.;dop-3
ADEL;VD10;dopamine;MA.;dop-3
ADEL;VD11;dopamine;MA.;dop-3
ADEL;VD12;dopamine;MA.;dop-3
ADEL;VD13;dopamine;MA.;dop-3
ADEL;VD02;dopamine;MA.;dop-3
ADEL;VD03;dopamine;MA.;dop-3
ADEL;VD04;dopamine;MA.;dop-3
ADEL;VD05;dopamine;MA.;dop-3
ADEL;VD06;dopamine;MA.;dop-3
ADEL;VD07;dopamine;MA.;dop-3
ADEL;VD08;dopamine;MA.;dop-3
ADEL;VD09;dopamine;MA.;dop-3
ADER;VD01;dopamine;MA.;dop-3
ADER;VD10;dopamine;MA.;dop-3
ADER;VD11;dopamine;MA.;dop-3
ADER;VD12;dopamine;MA.;dop-3
ADER;VD13;dopamine;MA.;dop-3
ADER;VD02;dopamine;MA.;dop-3
ADER;VD03;dopamine;MA.;dop-3
ADER;VD04;dopamine;MA.;dop-3
ADER;VD05;dopamine;MA.;dop-3
ADER;VD06;dopamine;MA.;dop-3
ADER;VD07;dopamine;MA.;dop-3
ADER;VD08;dopamine;MA.;dop-3
ADER;VD09;dopamine;MA.;dop-3
CEPDL;AS01;dopamine;MA.;dop-3
CEPDL;AS10;dopamine;MA.;dop-3
CEPDL;AS11;dopamine;MA.;dop-3
CEPDL;AS02;dopamine;MA.;dop-3
CEPDL;AS03;dopamine;MA.;dop-3
CEPDL;AS04;dopamine;MA.;dop-3
CEPDL;AS05;dopamine;MA.;dop-3
CEPDL;AS06;dopamine;MA.;dop-3
CEPDL;AS07;dopamine;MA.;dop-3
CEPDL;AS08;dopamine;MA.;dop-3
CEPDL;AS09;dopamine;MA.;dop-3
CEPDR;AS01;dopamine;MA.;dop-3
CEPDR;AS10;dopamine;MA.;dop-3
CEPDR;AS11;dopamine;MA.;dop-3
CEPDR;AS02;dopamine;MA.;dop-3
CEPDR;AS03;dopamine;MA.;dop-3
CEPDR;AS04;dopamine;MA.;dop-3
CEPDR;AS05;dopamine;MA.;dop-3
CEPDR;AS06;dopamine;MA.;dop-3
CEPDR;AS07;dopamine;MA.;dop-3
CEPDR;AS08;dopamine;MA.;dop-3
CEPDR;AS09;dopamine;MA.;dop-3
CEPVL;AS01;dopamine;MA.;dop-3
CEPVL;AS10;dopamine;MA.;dop-3
CEPVL;AS11;dopamine;MA.;dop-3
CEPVL;AS02;dopamine;MA.;dop-3
CEPVL;AS03;dopamine;MA.;dop-3
CEPVL;AS04;dopamine;MA.;dop-3
CEPVL;AS05;dopamine;MA.;dop-3
CEPVL;AS06;dopamine;MA.;dop-3
CEPVL;AS07;dopamine;MA.;dop-3
CEPVL;AS08;dopamine;MA.;dop-3
CEPVL;AS09;dopamine;MA.;dop-3
CEPVR;AS01;dopamine;MA.;dop-3
CEPVR;AS10;dopamine;MA.;dop-3
CEPVR;AS11;dopamine;MA.;dop-3
CEPVR;AS02;dopamine;MA.;dop-3
CEPVR;AS03;dopamine;MA.;dop-3
CEPVR;AS04;dopamine;MA.;dop-3
CEPVR;AS05;dopamine;MA.;dop-3
CEPVR;AS06;dopamine;MA.;dop-3
CEPVR;AS07;dopamine;MA.;dop-3
CEPVR;AS08;dopamine;MA.;dop-3
CEPVR;AS09;dopamine;MA.;dop-3
CEPDL;ASEL;dopamine;MA.;dop-3
CEPDL;ASER;dopamine;MA.;dop-3
CEPDR;ASEL;dopamine;MA.;dop-3
CEPDR;ASER;dopamine;MA.;dop-3
CEPVL;ASEL;dopamine;MA.;dop-3
CEPVL;ASER;dopamine;MA.;dop-3
CEPVR;ASEL;dopamine;MA.;dop-3
CEPVR;ASER;dopamine;MA.;dop-3
CEPDL;ASKL;dopamine;MA.;dop-3
CEPDL;ASKR;dopamine;MA.;dop-3
CEPDR;ASKL;dopamine;MA.;dop-3
CEPDR;ASKR;dopamine;MA.;dop-3
CEPVL;ASKL;dopamine;MA.;dop-3
CEPVL;ASKR;dopamine;MA.;dop-3
CEPVR;ASKL;dopamine;MA.;dop-3
CEPVR;ASKR;dopamine;MA.;dop-3
CEPDL;DA01;dopamine;MA.;dop-3
CEPDL;DA02;dopamine;MA.;dop-3
CEPDL;DA03;dopamine;MA.;dop-3
CEPDL;DA04;dopamine;MA.;dop-3
CEPDL;DA05;dopamine;MA.;dop-3
CEPDL;DA06;dopamine;MA.;dop-3
CEPDL;DA07;dopamine;MA.;dop-3
CEPDL;DA08;dopamine;MA.;dop-3
CEPDL;DA09;dopamine;MA.;dop-3
CEPDR;DA01;dopamine;MA.;dop-3
CEPDR;DA02;dopamine;MA.;dop-3
CEPDR;DA03;dopamine;MA.;dop-3
CEPDR;DA04;dopamine;MA.;dop-3
CEPDR;DA05;dopamine;MA.;dop-3
CEPDR;DA06;dopamine;MA.;dop-3
CEPDR;DA07;dopamine;MA.;dop-3
CEPDR;DA08;dopamine;MA.;dop-3
CEPDR;DA09;dopamine;MA.;dop-3
CEPVL;DA01;dopamine;MA.;dop-3
CEPVL;DA02;dopamine;MA.;dop-3
CEPVL;DA03;dopamine;MA.;dop-3
CEPVL;DA04;dopamine;MA.;dop-3
CEPVL;DA05;dopamine;MA.;dop-3
CEPVL;DA06;dopamine;MA.;dop-3
CEPVL;DA07;dopamine;MA.;dop-3
CEPVL;DA08;dopamine;MA.;dop-3
CEPVL;DA09;dopamine;MA.;dop-3
CEPVR;DA01;dopamine;MA.;dop-3
CEPVR;DA02;dopamine;MA.;dop-3
CEPVR;DA03;dopamine;MA.;dop-3
CEPVR;DA04;dopamine;MA.;dop-3
CEPVR;DA05;dopamine;MA.;dop-3
CEPVR;DA06;dopamine;MA.;dop-3
CEPVR;DA07;dopamine;MA.;dop-3
CEPVR;DA08;dopamine;MA.;dop-3
CEPVR;DA09;dopamine;MA.;dop-3
CEPDL;DB01;dopamine;MA.;dop-3
CEPDL;DB02;dopamine;MA.;dop-3
CEPDL;DB03;dopamine;MA.;dop-3
CEPDL;DB04;dopamine;MA.;dop-3
CEPDL;DB05;dopamine;MA.;dop-3
CEPDL;DB06;dopamine;MA.;dop-3
CEPDL;DB07;dopamine;MA.;dop-3
CEPDR;DB01;dopamine;MA.;dop-3
CEPDR;DB02;dopamine;MA.;dop-3
CEPDR;DB03;dopamine;MA.;dop-3
CEPDR;DB04;dopamine;MA.;dop-3
CEPDR;DB05;dopamine;MA.;dop-3
CEPDR;DB06;dopamine;MA.;dop-3
CEPDR;DB07;dopamine;MA.;dop-3
CEPVL;DB01;dopamine;MA.;dop-3
CEPVL;DB02;dopamine;MA.;dop-3
CEPVL;DB03;dopamine;MA.;dop-3
CEPVL;DB04;dopamine;MA.;dop-3
CEPVL;DB05;dopamine;MA.;dop-3
CEPVL;DB06;dopamine;MA.;dop-3
CEPVL;DB07;dopamine;MA.;dop-3
CEPVR;DB01;dopamine;MA.;dop-3
CEPVR;DB02;dopamine;MA.;dop-3
CEPVR;DB03;dopamine;MA.;dop-3
CEPVR;DB04;dopamine;MA.;dop-3
CEPVR;DB05;dopamine;MA.;dop-3
CEPVR;DB06;dopamine;MA.;dop-3
CEPVR;DB07;dopamine;MA.;dop-3
CEPDL;DD01;dopamine;MA.;dop-3
CEPDL;DD02;dopamine;MA.;dop-3
CEPDL;DD03;dopamine;MA.;dop-3
CEPDL;DD04;dopamine;MA.;dop-3
CEPDL;DD05;dopamine;MA.;dop-3
CEPDL;DD06;dopamine;MA.;dop-3
CEPDR;DD01;dopamine;MA.;dop-3
CEPDR;DD02;dopamine;MA.;dop-3
CEPDR;DD03;dopamine;MA.;dop-3
CEPDR;DD04;dopamine;MA.;dop-3
CEPDR;DD05;dopamine;MA.;dop-3
CEPDR;DD06;dopamine;MA.;dop-3
CEPVL;DD01;dopamine;MA.;dop-3
CEPVL;DD02;dopamine;MA.;dop-3
CEPVL;DD03;dopamine;MA.;dop-3
CEPVL;DD04;dopamine;MA.;dop-3
CEPVL;DD05;dopamine;MA.;dop-3
CEPVL;DD06;dopamine;MA.;dop-3
CEPVR;DD01;dopamine;MA.;dop-3
CEPVR;DD02;dopamine;MA.;dop-3
CEPVR;DD03;dopamine;MA.;dop-3
CEPVR;DD04;dopamine;MA.;dop-3
CEPVR;DD05;dopamine;MA.;dop-3
CEPVR;DD06;dopamine;MA.;dop-3
CEPDL;NSML;dopamine;MA.;dop-3
CEPDL;NSMR;dopamine;MA.;dop-3
CEPDR;NSML;dopamine;MA.;dop-3
CEPDR;NSMR;dopamine;MA.;dop-3
CEPVL;NSML;dopamine;MA.;dop-3
CEPVL;NSMR;dopamine;MA.;dop-3
CEPVR;NSML;dopamine;MA.;dop-3
CEPVR;NSMR;dopamine;MA.;dop-3
CEPDL;PVDL;dopamine;MA.;dop-3
CEPDL;PVDR;dopamine;MA.;dop-3
CEPDR;PVDL;dopamine;MA.;dop-3
CEPDR;PVDR;dopamine;MA.;dop-3
CEPVL;PVDL;dopamine;MA.;dop-3
CEPVL;PVDR;dopamine;MA.;dop-3
CEPVR;PVDL;dopamine;MA.;dop-3
CEPVR;PVDR;dopamine;MA.;dop-3
CEPDL;RICL;dopamine;MA.;dop-3
CEPDL;RICR;dopamine;MA.;dop-3
CEPDR;RICL;dopamine;MA.;dop-3
CEPDR;RICR;dopamine;MA.;dop-3
CEPVL;RICL;dopamine;MA.;dop-3
CEPVL;RICR;dopamine;MA.;dop-3
CEPVR;RICL;dopamine;MA.;dop-3
CEPVR;RICR;dopamine;MA.;dop-3
CEPDL;SIADL;dopamine;MA.;dop-3
CEPDL;SIADR;dopamine;MA.;dop-3
CEPDL;SIAVL;dopamine;MA.;dop-3
CEPDL;SIAVR;dopamine;MA.;dop-3
CEPDR;SIADL;dopamine;MA.;dop-3
CEPDR;SIADR;dopamine;MA.;dop-3
CEPDR;SIAVL;dopamine;MA.;dop-3
CEPDR;SIAVR;dopamine;MA.;dop-3
CEPVL;SIADL;dopamine;MA.;dop-3
CEPVL;SIADR;dopamine;MA.;dop-3
CEPVL;SIAVL;dopamine;MA.;dop-3
CEPVL;SIAVR;dopamine;MA.;dop-3
CEPVR;SIADL;dopamine;MA.;dop-3
CEPVR;SIADR;dopamine;MA.;dop-3
CEPVR;SIAVL;dopamine;MA.;dop-3
CEPVR;SIAVR;dopamine;MA.;dop-3
CEPDL;VA01;dopamine;MA.;dop-3
CEPDL;VA10;dopamine;MA.;dop-3
CEPDL;VA11;dopamine;MA.;dop-3
CEPDL;VA12;dopamine;MA.;dop-3
CEPDL;VA02;dopamine;MA.;dop-3
CEPDL;VA03;dopamine;MA.;dop-3
CEPDL;VA04;dopamine;MA.;dop-3
CEPDL;VA05;dopamine;MA.;dop-3
CEPDL;VA06;dopamine;MA.;dop-3
CEPDL;VA07;dopamine;MA.;dop-3
CEPDL;VA08;dopamine;MA.;dop-3
CEPDL;VA09;dopamine;MA.;dop-3
CEPDR;VA01;dopamine;MA.;dop-3
CEPDR;VA10;dopamine;MA.;dop-3
CEPDR;VA11;dopamine;MA.;dop-3
CEPDR;VA12;dopamine;MA.;dop-3
CEPDR;VA02;dopamine;MA.;dop-3
CEPDR;VA03;dopamine;MA.;dop-3
CEPDR;VA04;dopamine;MA.;dop-3
CEPDR;VA05;dopamine;MA.;dop-3
CEPDR;VA06;dopamine;MA.;dop-3
CEPDR;VA07;dopamine;MA.;dop-3
CEPDR;VA08;dopamine;MA.;dop-3
CEPDR;VA09;dopamine;MA.;dop-3
CEPVL;VA01;dopamine;MA.;dop-3
CEPVL;VA10;dopamine;MA.;dop-3
CEPVL;VA11;dopamine;MA.;dop-3
CEPVL;VA12;dopamine;MA.;dop-3
CEPVL;VA02;dopamine;MA.;dop-3
CEPVL;VA03;dopamine;MA.;dop-3
CEPVL;VA04;dopamine;MA.;dop-3
CEPVL;VA05;dopamine;MA.;dop-3
CEPVL;VA06;dopamine;MA.;dop-3
CEPVL;VA07;dopamine;MA.;dop-3
CEPVL;VA08;dopamine;MA.;dop-3
CEPVL;VA09;dopamine;MA.;dop-3
CEPVR;VA01;dopamine;MA.;dop-3
CEPVR;VA10;dopamine;MA.;dop-3
CEPVR;VA11;dopamine;MA.;dop-3
CEPVR;VA12;dopamine;MA.;dop-3
CEPVR;VA02;dopamine;MA.;dop-3
CEPVR;VA03;dopamine;MA.;dop-3
CEPVR;VA04;dopamine;MA.;dop-3
CEPVR;VA05;dopamine;MA.;dop-3
CEPVR;VA06;dopamine;MA.;dop-3
CEPVR;VA07;dopamine;MA.;dop-3
CEPVR;VA08;dopamine;MA.;dop-3
CEPVR;VA09;dopamine;MA.;dop-3
CEPDL;VB01;dopamine;MA.;dop-3
CEPDL;VB10;dopamine;MA.;dop-3
CEPDL;VB11;dopamine;MA.;dop-3
CEPDL;VB02;dopamine;MA.;dop-3
CEPDL;VB03;dopamine;MA.;dop-3
CEPDL;VB04;dopamine;MA.;dop-3
CEPDL;VB05;dopamine;MA.;dop-3
CEPDL;VB06;dopamine;MA.;dop-3
CEPDL;VB07;dopamine;MA.;dop-3
CEPDL;VB08;dopamine;MA.;dop-3
CEPDL;VB09;dopamine;MA.;dop-3
CEPDR;VB01;dopamine;MA.;dop-3
CEPDR;VB10;dopamine;MA.;dop-3
CEPDR;VB11;dopamine;MA.;dop-3
CEPDR;VB02;dopamine;MA.;dop-3
CEPDR;VB03;dopamine;MA.;dop-3
CEPDR;VB04;dopamine;MA.;dop-3
CEPDR;VB05;dopamine;MA.;dop-3
CEPDR;VB06;dopamine;MA.;dop-3
CEPDR;VB07;dopamine;MA.;dop-3
CEPDR;VB08;dopamine;MA.;dop-3
CEPDR;VB09;dopamine;MA.;dop-3
CEPVL;VB01;dopamine;MA.;dop-3
CEPVL;VB10;dopamine;MA.;dop-3
CEPVL;VB11;dopamine;MA.;dop-3
CEPVL;VB02;dopamine;MA.;dop-3
CEPVL;VB03;dopamine;MA.;dop-3
CEPVL;VB04;dopamine;MA.;dop-3
CEPVL;VB05;dopamine;MA.;dop-3
CEPVL;VB06;dopamine;MA.;dop-3
CEPVL;VB07;dopamine;MA.;dop-3
CEPVL;VB08;dopamine;MA.;dop-3
CEPVL;VB09;dopamine;MA.;dop-3
CEPVR;VB01;dopamine;MA.;dop-3
CEPVR;VB10;dopamine;MA.;dop-3
CEPVR;VB11;dopamine;MA.;dop-3
CEPVR;VB02;dopamine;MA.;dop-3
CEPVR;VB03;dopamine;MA.;dop-3
CEPVR;VB04;dopamine;MA.;dop-3
CEPVR;VB05;dopamine;MA.;dop-3
CEPVR;VB06;dopamine;MA.;dop-3
CEPVR;VB07;dopamine;MA.;dop-3
CEPVR;VB08;dopamine;MA.;dop-3
CEPVR;VB09;dopamine;MA.;dop-3
CEPDL;VD01;dopamine;MA.;dop-3
CEPDL;VD10;dopamine;MA.;dop-3
CEPDL;VD11;dopamine;MA.;dop-3
CEPDL;VD12;dopamine;MA.;dop-3
CEPDL;VD13;dopamine;MA.;dop-3
CEPDL;VD02;dopamine;MA.;dop-3
CEPDL;VD03;dopamine;MA.;dop-3
CEPDL;VD04;dopamine;MA.;dop-3
CEPDL;VD05;dopamine;MA.;dop-3
CEPDL;VD06;dopamine;MA.;dop-3
CEPDL;VD07;dopamine;MA.;dop-3
CEPDL;VD08;dopamine;MA.;dop-3
CEPDL;VD09;dopamine;MA.;dop-3
CEPDR;VD01;dopamine;MA.;dop-3
CEPDR;VD10;dopamine;MA.;dop-3
CEPDR;VD11;dopamine;MA.;dop-3
CEPDR;VD12;dopamine;MA.;dop-3
CEPDR;VD13;dopamine;MA.;dop-3
CEPDR;VD02;dopamine;MA.;dop-3
CEPDR;VD03;dopamine;MA.;dop-3
CEPDR;VD04;dopamine;MA.;dop-3
CEPDR;VD05;dopamine;MA.;dop-3
CEPDR;VD06;dopamine;MA.;dop-3
CEPDR;VD07;dopamine;MA.;dop-3
CEPDR;VD08;dopamine;MA.;dop-3
CEPDR;VD09;dopamine;MA.;dop-3
CEPVL;VD01;dopamine;MA.;dop-3
CEPVL;VD10;dopamine;MA.;dop-3
CEPVL;VD11;dopamine;MA.;dop-3
CEPVL;VD12;dopamine;MA.;dop-3
CEPVL;VD13;dopamine;MA.;dop-3
CEPVL;VD02;dopamine;MA.;dop-3
CEPVL;VD03;dopamine;MA.;dop-3
CEPVL;VD04;dopamine;MA.;dop-3
CEPVL;VD05;dopamine;MA.;dop-3
CEPVL;VD06;dopamine;MA.;dop-3
CEPVL;VD07;dopamine;MA.;dop-3
CEPVL;VD08;dopamine;MA.;dop-3
CEPVL;VD09;dopamine;MA.;dop-3
CEPVR;VD01;dopamine;MA.;dop-3
CEPVR;VD10;dopamine;MA.;dop-3
CEPVR;VD11;dopamine;MA.;dop-3
CEPVR;VD12;dopamine;MA.;dop-3
CEPVR;VD13;dopamine;MA.;dop-3
CEPVR;VD02;dopamine;MA.;dop-3
CEPVR;VD03;dopamine;MA.;dop-3
CEPVR;VD04;dopamine;MA.;dop-3
CEPVR;VD05;dopamine;MA.;dop-3
CEPVR;VD06;dopamine;MA.;dop-3
CEPVR;VD07;dopamine;MA.;dop-3
CEPVR;VD08;dopamine;MA.;dop-3
CEPVR;VD09;dopamine;MA.;dop-3
PDEL;AS01;dopamine;MA.;dop-3
PDEL;AS10;dopamine;MA.;dop-3
PDEL;AS11;dopamine;MA.;dop-3
PDEL;AS02;dopamine;MA.;dop-3
PDEL;AS03;dopamine;MA.;dop-3
PDEL;AS04;dopamine;MA.;dop-3
PDEL;AS05;dopamine;MA.;dop-3
PDEL;AS06;dopamine;MA.;dop-3
PDEL;AS07;dopamine;MA.;dop-3
PDEL;AS08;dopamine;MA.;dop-3
PDEL;AS09;dopamine;MA.;dop-3
PDER;AS01;dopamine;MA.;dop-3
PDER;AS10;dopamine;MA.;dop-3
PDER;AS11;dopamine;MA.;dop-3
PDER;AS02;dopamine;MA.;dop-3
PDER;AS03;dopamine;MA.;dop-3
PDER;AS04;dopamine;MA.;dop-3
PDER;AS05;dopamine;MA.;dop-3
PDER;AS06;dopamine;MA.;dop-3
PDER;AS07;dopamine;MA.;dop-3
PDER;AS08;dopamine;MA.;dop-3
PDER;AS09;dopamine;MA.;dop-3
PDEL;ASEL;dopamine;MA.;dop-3
PDEL;ASER;dopamine;MA.;dop-3
PDER;ASEL;dopamine;MA.;dop-3
PDER;ASER;dopamine;MA.;dop-3
PDEL;ASKL;dopamine;MA.;dop-3
PDEL;ASKR;dopamine;MA.;dop-3
PDER;ASKL;dopamine;MA.;dop-3
PDER;ASKR;dopamine;MA.;dop-3
PDEL;DA01;dopamine;MA.;dop-3
PDEL;DA02;dopamine;MA.;dop-3
PDEL;DA03;dopamine;MA.;dop-3
PDEL;DA04;dopamine;MA.;dop-3
PDEL;DA05;dopamine;MA.;dop-3
PDEL;DA06;dopamine;MA.;dop-3
PDEL;DA07;dopamine;MA.;dop-3
PDEL;DA08;dopamine;MA.;dop-3
PDEL;DA09;dopamine;MA.;dop-3
PDER;DA01;dopamine;MA.;dop-3
PDER;DA02;dopamine;MA.;dop-3
PDER;DA03;dopamine;MA.;dop-3
PDER;DA04;dopamine;MA.;dop-3
PDER;DA05;dopamine;MA.;dop-3
PDER;DA06;dopamine;MA.;dop-3
PDER;DA07;dopamine;MA.;dop-3
PDER;DA08;dopamine;MA.;dop-3
PDER;DA09;dopamine;MA.;dop-3
PDEL;DB01;dopamine;MA.;dop-3
PDEL;DB02;dopamine;MA.;dop-3
PDEL;DB03;dopamine;MA.;dop-3
PDEL;DB04;dopamine;MA.;dop-3
PDEL;DB05;dopamine;MA.;dop-3
PDEL;DB06;dopamine;MA.;dop-3
PDEL;DB07;dopamine;MA.;dop-3
PDER;DB01;dopamine;MA.;dop-3
PDER;DB02;dopamine;MA.;dop-3
PDER;DB03;dopamine;MA.;dop-3
PDER;DB04;dopamine;MA.;dop-3
PDER;DB05;dopamine;MA.;dop-3
PDER;DB06;dopamine;MA.;dop-3
PDER;DB07;dopamine;MA.;dop-3
PDEL;DD01;dopamine;MA.;dop-3
PDEL;DD02;dopamine;MA.;dop-3
PDEL;DD03;dopamine;MA.;dop-3
PDEL;DD04;dopamine;MA.;dop-3
PDEL;DD05;dopamine;MA.;dop-3
PDEL;DD06;dopamine;MA.;dop-3
PDER;DD01;dopamine;MA.;dop-3
PDER;DD02;dopamine;MA.;dop-3
PDER;DD03;dopamine;MA.;dop-3
PDER;DD04;dopamine;MA.;dop-3
PDER;DD05;dopamine;MA.;dop-3
PDER;DD06;dopamine;MA.;dop-3
PDEL;NSML;dopamine;MA.;dop-3
PDEL;NSMR;dopamine;MA.;dop-3
PDER;NSML;dopamine;MA.;dop-3
PDER;NSMR;dopamine;MA.;dop-3
PDEL;PVDL;dopamine;MA.;dop-3
PDEL;PVDR;dopamine;MA.;dop-3
PDER;PVDL;dopamine;MA.;dop-3
PDER;PVDR;dopamine;MA.;dop-3
PDEL;RICL;dopamine;MA.;dop-3
PDEL;RICR;dopamine;MA.;dop-3
PDER;RICL;dopamine;MA.;dop-3
PDER;RICR;dopamine;MA.;dop-3
PDEL;SIADL;dopamine;MA.;dop-3
PDEL;SIADR;dopamine;MA.;dop-3
PDEL;SIAVL;dopamine;MA.;dop-3
PDEL;SIAVR;dopamine;MA.;dop-3
PDER;SIADL;dopamine;MA.;dop-3
PDER;SIADR;dopamine;MA.;dop-3
PDER;SIAVL;dopamine;MA.;dop-3
PDER;SIAVR;dopamine;MA.;dop-3
PDEL;VA01;dopamine;MA.;dop-3
PDEL;VA10;dopamine;MA.;dop-3
PDEL;VA11;dopamine;MA.;dop-3
PDEL;VA12;dopamine;MA.;dop-3
PDEL;VA02;dopamine;MA.;dop-3
PDEL;VA03;dopamine;MA.;dop-3
PDEL;VA04;dopamine;MA.;dop-3
PDEL;VA05;dopamine;MA.;dop-3
PDEL;VA06;dopamine;MA.;dop-3
PDEL;VA07;dopamine;MA.;dop-3
PDEL;VA08;dopamine;MA.;dop-3
PDEL;VA09;dopamine;MA.;dop-3
PDER;VA01;dopamine;MA.;dop-3
PDER;VA10;dopamine;MA.;dop-3
PDER;VA11;dopamine;MA.;dop-3
PDER;VA12;dopamine;MA.;dop-3
PDER;VA02;dopamine;MA.;dop-3
PDER;VA03;dopamine;MA.;dop-3
PDER;VA04;dopamine;MA.;dop-3
PDER;VA05;dopamine;MA.;dop-3
PDER;VA06;dopamine;MA.;dop-3
PDER;VA07;dopamine;MA.;dop-3
PDER;VA08;dopamine;MA.;dop-3
PDER;VA09;dopamine;MA.;dop-3
PDEL;VB01;dopamine;MA.;dop-3
PDEL;VB10;dopamine;MA.;dop-3
PDEL;VB11;dopamine;MA.;dop-3
PDEL;VB02;dopamine;MA.;dop-3
PDEL;VB03;dopamine;MA.;dop-3
PDEL;VB04;dopamine;MA.;dop-3
PDEL;VB05;dopamine;MA.;dop-3
PDEL;VB06;dopamine;MA.;dop-3
PDEL;VB07;dopamine;MA.;dop-3
PDEL;VB08;dopamine;MA.;dop-3
PDEL;VB09;dopamine;MA.;dop-3
PDER;VB01;dopamine;MA.;dop-3
PDER;VB10;dopamine;MA.;dop-3
PDER;VB11;dopamine;MA.;dop-3
PDER;VB02;dopamine;MA.;dop-3
PDER;VB03;dopamine;MA.;dop-3
PDER;VB04;dopamine;MA.;dop-3
PDER;VB05;dopamine;MA.;dop-3
PDER;VB06;dopamine;MA.;dop-3
PDER;VB07;dopamine;MA.;dop-3
PDER;VB08;dopamine;MA.;dop-3
PDER;VB09;dopamine;MA.;dop-3
PDEL;VD01;dopamine;MA.;dop-3
PDEL;VD10;dopamine;MA.;dop-3
PDEL;VD11;dopamine;MA.;dop-3
PDEL;VD12;dopamine;MA.;dop-3
PDEL;VD13;dopamine;MA.;dop-3
PDEL;VD02;dopamine;MA.;dop-3
PDEL;VD03;dopamine;MA.;dop-3
PDEL;VD04;dopamine;MA.;dop-3
PDEL;VD05;dopamine;MA.;dop-3
PDEL;VD06;dopamine;MA.;dop-3
PDEL;VD07;dopamine;MA.;dop-3
PDEL;VD08;dopamine;MA.;dop-3
PDEL;VD09;dopamine;MA.;dop-3
PDER;VD01;dopamine;MA.;dop-3
PDER;VD10;dopamine;MA.;dop-3
PDER;VD11;dopamine;MA.;dop-3
PDER;VD12;dopamine;MA.;dop-3
PDER;VD13;dopamine;MA.;dop-3
PDER;VD02;dopamine;MA.;dop-3
PDER;VD03;dopamine;MA.;dop-3
PDER;VD04;dopamine;MA.;dop-3
PDER;VD05;dopamine;MA.;dop-3
PDER;VD06;dopamine;MA.;dop-3
PDER;VD07;dopamine;MA.;dop-3
PDER;VD08;dopamine;MA.;dop-3
PDER;VD09;dopamine;MA.;dop-3
ADEL;ASGL;dopamine;MA.;dop-4
ADEL;ASGR;dopamine;MA.;dop-4
ADER;ASGL;dopamine;MA.;dop-4
ADER;ASGR;dopamine;MA.;dop-4
ADEL;AVL;dopamine;MA.;dop-4
ADER;AVL;dopamine;MA.;dop-4
ADEL;CANL;dopamine;MA.;dop-4
ADEL;CANR;dopamine;MA.;dop-4
ADER;CANL;dopamine;MA.;dop-4
ADER;CANR;dopamine;MA.;dop-4
ADEL;I1L;dopamine;MA.;dop-4
ADEL;I1R;dopamine;MA.;dop-4
ADER;I1L;dopamine;MA.;dop-4
ADER;I1R;dopamine;MA.;dop-4
ADEL;I2L;dopamine;MA.;dop-4
ADEL;I2R;dopamine;MA.;dop-4
ADER;I2L;dopamine;MA.;dop-4
ADER;I2R;dopamine;MA.;dop-4
ADEL;PQR;dopamine;MA.;dop-4
ADER;PQR;dopamine;MA.;dop-4
CEPDL;ASGL;dopamine;MA.;dop-4
CEPDL;ASGR;dopamine;MA.;dop-4
CEPDR;ASGL;dopamine;MA.;dop-4
CEPDR;ASGR;dopamine;MA.;dop-4
CEPVL;ASGL;dopamine;MA.;dop-4
CEPVL;ASGR;dopamine;MA.;dop-4
CEPVR;ASGL;dopamine;MA.;dop-4
CEPVR;ASGR;dopamine;MA.;dop-4
CEPDL;AVL;dopamine;MA.;dop-4
CEPDR;AVL;dopamine;MA.;dop-4
CEPVL;AVL;dopamine;MA.;dop-4
CEPVR;AVL;dopamine;MA.;dop-4
CEPDL;CANL;dopamine;MA.;dop-4
CEPDL;CANR;dopamine;MA.;dop-4
CEPDR;CANL;dopamine;MA.;dop-4
CEPDR;CANR;dopamine;MA.;dop-4
CEPVL;CANL;dopamine;MA.;dop-4
CEPVL;CANR;dopamine;MA.;dop-4
CEPVR;CANL;dopamine;MA.;dop-4
CEPVR;CANR;dopamine;MA.;dop-4
CEPDL;I1L;dopamine;MA.;dop-4
CEPDL;I1R;dopamine;MA.;dop-4
CEPDR;I1L;dopamine;MA.;dop-4
CEPDR;I1R;dopamine;MA.;dop-4
CEPVL;I1L;dopamine;MA.;dop-4
CEPVL;I1R;dopamine;MA.;dop-4
CEPVR;I1L;dopamine;MA.;dop-4
CEPVR;I1R;dopamine;MA.;dop-4
CEPDL;I2L;dopamine;MA.;dop-4
CEPDL;I2R;dopamine;MA.;dop-4
CEPDR;I2L;dopamine;MA.;dop-4
CEPDR;I2R;dopamine;MA.;dop-4
CEPVL;I2L;dopamine;MA.;dop-4
CEPVL;I2R;dopamine;MA.;dop-4
CEPVR;I2L;dopamine;MA.;dop-4
CEPVR;I2R;dopamine;MA.;dop-4
CEPDL;PQR;dopamine;MA.;dop-4
CEPDR;PQR;dopamine;MA.;dop-4
CEPVL;PQR;dopamine;MA.;dop-4
CEPVR;PQR;dopamine;MA.;dop-4
PDEL;ASGL;dopamine;MA.;dop-4
PDEL;ASGR;dopamine;MA.;dop-4
PDER;ASGL;dopamine;MA.;dop-4
PDER;ASGR;dopamine;MA.;dop-4
PDEL;AVL;dopamine;MA.;dop-4
PDER;AVL;dopamine;MA.;dop-4
PDEL;CANL;dopamine;MA.;dop-4
PDEL;CANR;dopamine;MA.;dop-4
PDER;CANL;dopamine;MA.;dop-4
PDER;CANR;dopamine;MA.;dop-4
PDEL;I1L;dopamine;MA.;dop-4
PDEL;I1R;dopamine;MA.;dop-4
PDER;I1L;dopamine;MA.;dop-4
PDER;I1R;dopamine;MA.;dop-4
PDEL;I2L;dopamine;MA.;dop-4
PDEL;I2R;dopamine;MA.;dop-4
PDER;I2L;dopamine;MA.;dop-4
PDER;I2R;dopamine;MA.;dop-4
PDEL;PQR;dopamine;MA.;dop-4
PDER;PQR;dopamine;MA.;dop-4
ADEL;AIML;dopamine;MA.;lgc-53
ADEL;AIMR;dopamine;MA.;lgc-53
ADER;AIML;dopamine;MA.;lgc-53
ADER;AIMR;dopamine;MA.;lgc-53
ADEL;AVFL;dopamine;MA.;lgc-53
ADEL;AVFR;dopamine;MA.;lgc-53
ADER;AVFL;dopamine;MA.;lgc-53
ADER;AVFR;dopamine;MA.;lgc-53
ADEL;CANL;dopamine;MA.;lgc-53
ADEL;CANR;dopamine;MA.;lgc-53
ADER;CANL;dopamine;MA.;lgc-53
ADER;CANR;dopamine;MA.;lgc-53
ADEL;FLPL;dopamine;MA.;lgc-53
ADEL;FLPR;dopamine;MA.;lgc-53
ADER;FLPL;dopamine;MA.;lgc-53
ADER;FLPR;dopamine;MA.;lgc-53
ADEL;HSNL;dopamine;MA.;lgc-53
ADEL;HSNR;dopamine;MA.;lgc-53
ADER;HSNL;dopamine;MA.;lgc-53
ADER;HSNR;dopamine;MA.;lgc-53
ADEL;IL2DL;dopamine;MA.;lgc-53
ADEL;IL2DR;dopamine;MA.;lgc-53
ADEL;IL2L;dopamine;MA.;lgc-53
ADEL;IL2R;dopamine;MA.;lgc-53
ADEL;IL2VL;dopamine;MA.;lgc-53
ADEL;IL2VR;dopamine;MA.;lgc-53
ADER;IL2DL;dopamine;MA.;lgc-53
ADER;IL2DR;dopamine;MA.;lgc-53
ADER;IL2L;dopamine;MA.;lgc-53
ADER;IL2R;dopamine;MA.;lgc-53
ADER;IL2VL;dopamine;MA.;lgc-53
ADER;IL2VR;dopamine;MA.;lgc-53
ADEL;PVDL;dopamine;MA.;lgc-53
ADEL;PVDR;dopamine;MA.;lgc-53
ADER;PVDL;dopamine;MA.;lgc-53
ADER;PVDR;dopamine;MA.;lgc-53
ADEL;URYDL;dopamine;MA.;lgc-53
ADEL;URYDR;dopamine;MA.;lgc-53
ADEL;URYVL;dopamine;MA.;lgc-53
ADEL;URYVR;dopamine;MA.;lgc-53
ADER;URYDL;dopamine;MA.;lgc-53
ADER;URYDR;dopamine;MA.;lgc-53
ADER;URYVL;dopamine;MA.;lgc-53
ADER;URYVR;dopamine;MA.;lgc-53
ADEL;VA01;dopamine;MA.;lgc-53
ADEL;VA10;dopamine;MA.;lgc-53
ADEL;VA11;dopamine;MA.;lgc-53
ADEL;VA12;dopamine;MA.;lgc-53
ADEL;VA02;dopamine;MA.;lgc-53
ADEL;VA03;dopamine;MA.;lgc-53
ADEL;VA04;dopamine;MA.;lgc-53
ADEL;VA05;dopamine;MA.;lgc-53
ADEL;VA06;dopamine;MA.;lgc-53
ADEL;VA07;dopamine;MA.;lgc-53
ADEL;VA08;dopamine;MA.;lgc-53
ADEL;VA09;dopamine;MA.;lgc-53
ADER;VA01;dopamine;MA.;lgc-53
ADER;VA10;dopamine;MA.;lgc-53
ADER;VA11;dopamine;MA.;lgc-53
ADER;VA12;dopamine;MA.;lgc-53
ADER;VA02;dopamine;MA.;lgc-53
ADER;VA03;dopamine;MA.;lgc-53
ADER;VA04;dopamine;MA.;lgc-53
ADER;VA05;dopamine;MA.;lgc-53
ADER;VA06;dopamine;MA.;lgc-53
ADER;VA07;dopamine;MA.;lgc-53
ADER;VA08;dopamine;MA.;lgc-53
ADER;VA09;dopamine;MA.;lgc-53
CEPDL;AIML;dopamine;MA.;lgc-53
CEPDL;AIMR;dopamine;MA.;lgc-53
CEPDR;AIML;dopamine;MA.;lgc-53
CEPDR;AIMR;dopamine;MA.;lgc-53
CEPVL;AIML;dopamine;MA.;lgc-53
CEPVL;AIMR;dopamine;MA.;lgc-53
CEPVR;AIML;dopamine;MA.;lgc-53
CEPVR;AIMR;dopamine;MA.;lgc-53
CEPDL;AVFL;dopamine;MA.;lgc-53
CEPDL;AVFR;dopamine;MA.;lgc-53
CEPDR;AVFL;dopamine;MA.;lgc-53
CEPDR;AVFR;dopamine;MA.;lgc-53
CEPVL;AVFL;dopamine;MA.;lgc-53
CEPVL;AVFR;dopamine;MA.;lgc-53
CEPVR;AVFL;dopamine;MA.;lgc-53
CEPVR;AVFR;dopamine;MA.;lgc-53
CEPDL;CANL;dopamine;MA.;lgc-53
CEPDL;CANR;dopamine;MA.;lgc-53
CEPDR;CANL;dopamine;MA.;lgc-53
CEPDR;CANR;dopamine;MA.;lgc-53
CEPVL;CANL;dopamine;MA.;lgc-53
CEPVL;CANR;dopamine;MA.;lgc-53
CEPVR;CANL;dopamine;MA.;lgc-53
CEPVR;CANR;dopamine;MA.;lgc-53
CEPDL;FLPL;dopamine;MA.;lgc-53
CEPDL;FLPR;dopamine;MA.;lgc-53
CEPDR;FLPL;dopamine;MA.;lgc-53
CEPDR;FLPR;dopamine;MA.;lgc-53
CEPVL;FLPL;dopamine;MA.;lgc-53
CEPVL;FLPR;dopamine;MA.;lgc-53
CEPVR;FLPL;dopamine;MA.;lgc-53
CEPVR;FLPR;dopamine;MA.;lgc-53
CEPDL;HSNL;dopamine;MA.;lgc-53
CEPDL;HSNR;dopamine;MA.;lgc-53
CEPDR;HSNL;dopamine;MA.;lgc-53
CEPDR;HSNR;dopamine;MA.;lgc-53
CEPVL;HSNL;dopamine;MA.;lgc-53
CEPVL;HSNR;dopamine;MA.;lgc-53
CEPVR;HSNL;dopamine;MA.;lgc-53
CEPVR;HSNR;dopamine;MA.;lgc-53
CEPDL;IL2DL;dopamine;MA.;lgc-53
CEPDL;IL2DR;dopamine;MA.;lgc-53
CEPDL;IL2L;dopamine;MA.;lgc-53
CEPDL;IL2R;dopamine;MA.;lgc-53
CEPDL;IL2VL;dopamine;MA.;lgc-53
CEPDL;IL2VR;dopamine;MA.;lgc-53
CEPDR;IL2DL;dopamine;MA.;lgc-53
CEPDR;IL2DR;dopamine;MA.;lgc-53
CEPDR;IL2L;dopamine;MA.;lgc-53
CEPDR;IL2R;dopamine;MA.;lgc-53
CEPDR;IL2VL;dopamine;MA.;lgc-53
CEPDR;IL2VR;dopamine;MA.;lgc-53
CEPVL;IL2DL;dopamine;MA.;lgc-53
CEPVL;IL2DR;dopamine;MA.;lgc-53
CEPVL;IL2L;dopamine;MA.;lgc-53
CEPVL;IL2R;dopamine;MA.;lgc-53
CEPVL;IL2VL;dopamine;MA.;lgc-53
CEPVL;IL2VR;dopamine;MA.;lgc-53
CEPVR;IL2DL;dopamine;MA.;lgc-53
CEPVR;IL2DR;dopamine;MA.;lgc-53
CEPVR;IL2L;dopamine;MA.;lgc-53
CEPVR;IL2R;dopamine;MA.;lgc-53
CEPVR;IL2VL;dopamine;MA.;lgc-53
CEPVR;IL2VR;dopamine;MA.;lgc-53
CEPDL;PVDL;dopamine;MA.;lgc-53
CEPDL;PVDR;dopamine;MA.;lgc-53
CEPDR;PVDL;dopamine;MA.;lgc-53
CEPDR;PVDR;dopamine;MA.;lgc-53
CEPVL;PVDL;dopamine;MA.;lgc-53
CEPVL;PVDR;dopamine;MA.;lgc-53
CEPVR;PVDL;dopamine;MA.;lgc-53
CEPVR;PVDR;dopamine;MA.;lgc-53
CEPDL;URYDL;dopamine;MA.;lgc-53
CEPDL;URYDR;dopamine;MA.;lgc-53
CEPDL;URYVL;dopamine;MA.;lgc-53
CEPDL;URYVR;dopamine;MA.;lgc-53
CEPDR;URYDL;dopamine;MA.;lgc-53
CEPDR;URYDR;dopamine;MA.;lgc-53
CEPDR;URYVL;dopamine;MA.;lgc-53
CEPDR;URYVR;dopamine;MA.;lgc-53
CEPVL;URYDL;dopamine;MA.;lgc-53
CEPVL;URYDR;dopamine;MA.;lgc-53
CEPVL;URYVL;dopamine;MA.;lgc-53
CEPVL;URYVR;dopamine;MA.;lgc-53
CEPVR;URYDL;dopamine;MA.;lgc-53
CEPVR;URYDR;dopamine;MA.;lgc-53
CEPVR;URYVL;dopamine;MA.;lgc-53
CEPVR;URYVR;dopamine;MA.;lgc-53
CEPDL;VA01;dopamine;MA.;lgc-53
CEPDL;VA10;dopamine;MA.;lgc-53
CEPDL;VA11;dopamine;MA.;lgc-53
CEPDL;VA12;dopamine;MA.;lgc-53
CEPDL;VA02;dopamine;MA.;lgc-53
CEPDL;VA03;dopamine;MA.;lgc-53
CEPDL;VA04;dopamine;MA.;lgc-53
CEPDL;VA05;dopamine;MA.;lgc-53
CEPDL;VA06;dopamine;MA.;lgc-53
CEPDL;VA07;dopamine;MA.;lgc-53
CEPDL;VA08;dopamine;MA.;lgc-53
CEPDL;VA09;dopamine;MA.;lgc-53
CEPDR;VA01;dopamine;MA.;lgc-53
CEPDR;VA10;dopamine;MA.;lgc-53
CEPDR;VA11;dopamine;MA.;lgc-53
CEPDR;VA12;dopamine;MA.;lgc-53
CEPDR;VA02;dopamine;MA.;lgc-53
CEPDR;VA03;dopamine;MA.;lgc-53
CEPDR;VA04;dopamine;MA.;lgc-53
CEPDR;VA05;dopamine;MA.;lgc-53
CEPDR;VA06;dopamine;MA.;lgc-53
CEPDR;VA07;dopamine;MA.;lgc-53
CEPDR;VA08;dopamine;MA.;lgc-53
CEPDR;VA09;dopamine;MA.;lgc-53
CEPVL;VA01;dopamine;MA.;lgc-53
CEPVL;VA10;dopamine;MA.;lgc-53
CEPVL;VA11;dopamine;MA.;lgc-53
CEPVL;VA12;dopamine;MA.;lgc-53
CEPVL;VA02;dopamine;MA.;lgc-53
CEPVL;VA03;dopamine;MA.;lgc-53
CEPVL;VA04;dopamine;MA.;lgc-53
CEPVL;VA05;dopamine;MA.;lgc-53
CEPVL;VA06;dopamine;MA.;lgc-53
CEPVL;VA07;dopamine;MA.;lgc-53
CEPVL;VA08;dopamine;MA.;lgc-53
CEPVL;VA09;dopamine;MA.;lgc-53
CEPVR;VA01;dopamine;MA.;lgc-53
CEPVR;VA10;dopamine;MA.;lgc-53
CEPVR;VA11;dopamine;MA.;lgc-53
CEPVR;VA12;dopamine;MA.;lgc-53
CEPVR;VA02;dopamine;MA.;lgc-53
CEPVR;VA03;dopamine;MA.;lgc-53
CEPVR;VA04;dopamine;MA.;lgc-53
CEPVR;VA05;dopamine;MA.;lgc-53
CEPVR;VA06;dopamine;MA.;lgc-53
CEPVR;VA07;dopamine;MA.;lgc-53
CEPVR;VA08;dopamine;MA.;lgc-53
CEPVR;VA09;dopamine;MA.;lgc-53
PDEL;AIML;dopamine;MA.;lgc-53
PDEL;AIMR;dopamine;MA.;lgc-53
PDER;AIML;dopamine;MA.;lgc-53
PDER;AIMR;dopamine;MA.;lgc-53
PDEL;AVFL;dopamine;MA.;lgc-53
PDEL;AVFR;dopamine;MA.;lgc-53
PDER;AVFL;dopamine;MA.;lgc-53
PDER;AVFR;dopamine;MA.;lgc-53
PDEL;CANL;dopamine;MA.;lgc-53
PDEL;CANR;dopamine;MA.;lgc-53
PDER;CANL;dopamine;MA.;lgc-53
PDER;CANR;dopamine;MA.;lgc-53
PDEL;FLPL;dopamine;MA.;lgc-53
PDEL;FLPR;dopamine;MA.;lgc-53
PDER;FLPL;dopamine;MA.;lgc-53
PDER;FLPR;dopamine;MA.;lgc-53
PDEL;HSNL;dopamine;MA.;lgc-53
PDEL;HSNR;dopamine;MA.;lgc-53
PDER;HSNL;dopamine;MA.;lgc-53
PDER;HSNR;dopamine;MA.;lgc-53
PDEL;IL2DL;dopamine;MA.;lgc-53
PDEL;IL2DR;dopamine;MA.;lgc-53
PDEL;IL2L;dopamine;MA.;lgc-53
PDEL;IL2R;dopamine;MA.;lgc-53
PDEL;IL2VL;dopamine;MA.;lgc-53
PDEL;IL2VR;dopamine;MA.;lgc-53
PDER;IL2DL;dopamine;MA.;lgc-53
PDER;IL2DR;dopamine;MA.;lgc-53
PDER;IL2L;dopamine;MA.;lgc-53
PDER;IL2R;dopamine;MA.;lgc-53
PDER;IL2VL;dopamine;MA.;lgc-53
PDER;IL2VR;dopamine;MA.;lgc-53
PDEL;PVDL;dopamine;MA.;lgc-53
PDEL;PVDR;dopamine;MA.;lgc-53
PDER;PVDL;dopamine;MA.;lgc-53
PDER;PVDR;dopamine;MA.;lgc-53
PDEL;URYDL;dopamine;MA.;lgc-53
PDEL;URYDR;dopamine;MA.;lgc-53
PDEL;URYVL;dopamine;MA.;lgc-53
PDEL;URYVR;dopamine;MA.;lgc-53
PDER;URYDL;dopamine;MA.;lgc-53
PDER;URYDR;dopamine;MA.;lgc-53
PDER;URYVL;dopamine;MA.;lgc-53
PDER;URYVR;dopamine;MA.;lgc-53
PDEL;VA01;dopamine;MA.;lgc-53
PDEL;VA10;dopamine;MA.;lgc-53
PDEL;VA11;dopamine;MA.;lgc-53
PDEL;VA12;dopamine;MA.;lgc-53
PDEL;VA02;dopamine;MA.;lgc-53
PDEL;VA03;dopamine;MA.;lgc-53
PDEL;VA04;dopamine;MA.;lgc-53
PDEL;VA05;dopamine;MA.;lgc-53
PDEL;VA06;dopamine;MA.;lgc-53
PDEL;VA07;dopamine;MA.;lgc-53
PDEL;VA08;dopamine;MA.;lgc-53
PDEL;VA09;dopamine;MA.;lgc-53
PDER;VA01;dopamine;MA.;lgc-53
PDER;VA10;dopamine;MA.;lgc-53
PDER;VA11;dopamine;MA.;lgc-53
PDER;VA12;dopamine;MA.;lgc-53
PDER;VA02;dopamine;MA.;lgc-53
PDER;VA03;dopamine;MA.;lgc-53
PDER;VA04;dopamine;MA.;lgc-53
PDER;VA05;dopamine;MA.;lgc-53
PDER;VA06;dopamine;MA.;lgc-53
PDER;VA07;dopamine;MA.;lgc-53
PDER;VA08;dopamine;MA.;lgc-53
PDER;VA09;dopamine;MA.;lgc-53
ADFL;AIAL;serotonin;MA.;mod-1
ADFL;AIAR;serotonin;MA.;mod-1
ADFR;AIAL;serotonin;MA.;mod-1
ADFR;AIAR;serotonin;MA.;mod-1
ADFL;AIBL;serotonin;MA.;mod-1
ADFL;AIBR;serotonin;MA.;mod-1
ADFR;AIBL;serotonin;MA.;mod-1
ADFR;AIBR;serotonin;MA.;mod-1
ADFL;AIYL;serotonin;MA.;mod-1
ADFL;AIYR;serotonin;MA.;mod-1
ADFR;AIYL;serotonin;MA.;mod-1
ADFR;AIYR;serotonin;MA.;mod-1
ADFL;AIZL;serotonin;MA.;mod-1
ADFL;AIZR;serotonin;MA.;mod-1
ADFR;AIZL;serotonin;MA.;mod-1
ADFR;AIZR;serotonin;MA.;mod-1
ADFL;DD01;serotonin;MA.;mod-1
ADFL;DD02;serotonin;MA.;mod-1
ADFL;DD03;serotonin;MA.;mod-1
ADFL;DD04;serotonin;MA.;mod-1
ADFL;DD05;serotonin;MA.;mod-1
ADFL;DD06;serotonin;MA.;mod-1
ADFR;DD01;serotonin;MA.;mod-1
ADFR;DD02;serotonin;MA.;mod-1
ADFR;DD03;serotonin;MA.;mod-1
ADFR;DD04;serotonin;MA.;mod-1
ADFR;DD05;serotonin;MA.;mod-1
ADFR;DD06;serotonin;MA.;mod-1
ADFL;RICL;serotonin;MA.;mod-1
ADFL;RICR;serotonin;MA.;mod-1
ADFR;RICL;serotonin;MA.;mod-1
ADFR;RICR;serotonin;MA.;mod-1
ADFL;RID;serotonin;MA.;mod-1
ADFR;RID;serotonin;MA.;mod-1
ADFL;RIML;serotonin;MA.;mod-1
ADFL;RIMR;serotonin;MA.;mod-1
ADFR;RIML;serotonin;MA.;mod-1
ADFR;RIMR;serotonin;MA.;mod-1
ADFL;RMED;serotonin;MA.;mod-1
ADFL;RMEL;serotonin;MA.;mod-1
ADFL;RMER;serotonin;MA.;mod-1
ADFL;RMEV;serotonin;MA.;mod-1
ADFR;RMED;serotonin;MA.;mod-1
ADFR;RMEL;serotonin;MA.;mod-1
ADFR;RMER;serotonin;MA.;mod-1
ADFR;RMEV;serotonin;MA.;mod-1
ADFL;VD01;serotonin;MA.;mod-1
ADFL;VD10;serotonin;MA.;mod-1
ADFL;VD11;serotonin;MA.;mod-1
ADFL;VD12;serotonin;MA.;mod-1
ADFL;VD13;serotonin;MA.;mod-1
ADFL;VD02;serotonin;MA.;mod-1
ADFL;VD03;serotonin;MA.;mod-1
ADFL;VD04;serotonin;MA.;mod-1
ADFL;VD05;serotonin;MA.;mod-1
ADFL;VD06;serotonin;MA.;mod-1
ADFL;VD07;serotonin;MA.;mod-1
ADFL;VD08;serotonin;MA.;mod-1
ADFL;VD09;serotonin;MA.;mod-1
ADFR;VD01;serotonin;MA.;mod-1
ADFR;VD10;serotonin;MA.;mod-1
ADFR;VD11;serotonin;MA.;mod-1
ADFR;VD12;serotonin;MA.;mod-1
ADFR;VD13;serotonin;MA.;mod-1
ADFR;VD02;serotonin;MA.;mod-1
ADFR;VD03;serotonin;MA.;mod-1
ADFR;VD04;serotonin;MA.;mod-1
ADFR;VD05;serotonin;MA.;mod-1
ADFR;VD06;serotonin;MA.;mod-1
ADFR;VD07;serotonin;MA.;mod-1
ADFR;VD08;serotonin;MA.;mod-1
ADFR;VD09;serotonin;MA.;mod-1
HSNL;AIAL;serotonin;MA.;mod-1
HSNL;AIAR;serotonin;MA.;mod-1
HSNR;AIAL;serotonin;MA.;mod-1
HSNR;AIAR;serotonin;MA.;mod-1
HSNL;AIBL;serotonin;MA.;mod-1
HSNL;AIBR;serotonin;MA.;mod-1
HSNR;AIBL;serotonin;MA.;mod-1
HSNR;AIBR;serotonin;MA.;mod-1
HSNL;AIYL;serotonin;MA.;mod-1
HSNL;AIYR;serotonin;MA.;mod-1
HSNR;AIYL;serotonin;MA.;mod-1
HSNR;AIYR;serotonin;MA.;mod-1
HSNL;AIZL;serotonin;MA.;mod-1
HSNL;AIZR;serotonin;MA.;mod-1
HSNR;AIZL;serotonin;MA.;mod-1
HSNR;AIZR;serotonin;MA.;mod-1
HSNL;DD01;serotonin;MA.;mod-1
HSNL;DD02;serotonin;MA.;mod-1
HSNL;DD03;serotonin;MA.;mod-1
HSNL;DD04;serotonin;MA.;mod-1
HSNL;DD05;serotonin;MA.;mod-1
HSNL;DD06;serotonin;MA.;mod-1
HSNR;DD01;serotonin;MA.;mod-1
HSNR;DD02;serotonin;MA.;mod-1
HSNR;DD03;serotonin;MA.;mod-1
HSNR;DD04;serotonin;MA.;mod-1
HSNR;DD05;serotonin;MA.;mod-1
HSNR;DD06;serotonin;MA.;mod-1
HSNL;RICL;serotonin;MA.;mod-1
HSNL;RICR;serotonin;MA.;mod-1
HSNR;RICL;serotonin;MA.;mod-1
HSNR;RICR;serotonin;MA.;mod-1
HSNL;RID;serotonin;MA.;mod-1
HSNR;RID;serotonin;MA.;mod-1
HSNL;RIML;serotonin;MA.;mod-1
HSNL;RIMR;serotonin;MA.;mod-1
HSNR;RIML;serotonin;MA.;mod-1
HSNR;RIMR;serotonin;MA.;mod-1
HSNL;RMED;serotonin;MA.;mod-1
HSNL;RMEL;serotonin;MA.;mod-1
HSNL;RMER;serotonin;MA.;mod-1
HSNL;RMEV;serotonin;MA.;mod-1
HSNR;RMED;serotonin;MA.;mod-1
HSNR;RMEL;serotonin;MA.;mod-1
HSNR;RMER;serotonin;MA.;mod-1
HSNR;RMEV;serotonin;MA.;mod-1
HSNL;VD01;serotonin;MA.;mod-1
HSNL;VD10;serotonin;MA.;mod-1
HSNL;VD11;serotonin;MA.;mod-1
HSNL;VD12;serotonin;MA.;mod-1
HSNL;VD13;serotonin;MA.;mod-1
HSNL;VD02;serotonin;MA.;mod-1
HSNL;VD03;serotonin;MA.;mod-1
HSNL;VD04;serotonin;MA.;mod-1
HSNL;VD05;serotonin;MA.;mod-1
HSNL;VD06;serotonin;MA.;mod-1
HSNL;VD07;serotonin;MA.;mod-1
HSNL;VD08;serotonin;MA.;mod-1
HSNL;VD09;serotonin;MA.;mod-1
HSNR;VD01;serotonin;MA.;mod-1
HSNR;VD10;serotonin;MA.;mod-1
HSNR;VD11;serotonin;MA.;mod-1
HSNR;VD12;serotonin;MA.;mod-1
HSNR;VD13;serotonin;MA.;mod-1
HSNR;VD02;serotonin;MA.;mod-1
HSNR;VD03;serotonin;MA.;mod-1
HSNR;VD04;serotonin;MA.;mod-1
HSNR;VD05;serotonin;MA.;mod-1
HSNR;VD06;serotonin;MA.;mod-1
HSNR;VD07;serotonin;MA.;mod-1
HSNR;VD08;serotonin;MA.;mod-1
HSNR;VD09;serotonin;MA.;mod-1
NSML;AIAL;serotonin;MA.;mod-1
NSML;AIAR;serotonin;MA.;mod-1
NSMR;AIAL;serotonin;MA.;mod-1
NSMR;AIAR;serotonin;MA.;mod-1
NSML;AIBL;serotonin;MA.;mod-1
NSML;AIBR;serotonin;MA.;mod-1
NSMR;AIBL;serotonin;MA.;mod-1
NSMR;AIBR;serotonin;MA.;mod-1
NSML;AIYL;serotonin;MA.;mod-1
NSML;AIYR;serotonin;MA.;mod-1
NSMR;AIYL;serotonin;MA.;mod-1
NSMR;AIYR;serotonin;MA.;mod-1
NSML;AIZL;serotonin;MA.;mod-1
NSML;AIZR;serotonin;MA.;mod-1
NSMR;AIZL;serotonin;MA.;mod-1
NSMR;AIZR;serotonin;MA.;mod-1
NSML;DD01;serotonin;MA.;mod-1
NSML;DD02;serotonin;MA.;mod-1
NSML;DD03;serotonin;MA.;mod-1
NSML;DD04;serotonin;MA.;mod-1
NSML;DD05;serotonin;MA.;mod-1
NSML;DD06;serotonin;MA.;mod-1
NSMR;DD01;serotonin;MA.;mod-1
NSMR;DD02;serotonin;MA.;mod-1
NSMR;DD03;serotonin;MA.;mod-1
NSMR;DD04;serotonin;MA.;mod-1
NSMR;DD05;serotonin;MA.;mod-1
NSMR;DD06;serotonin;MA.;mod-1
NSML;RICL;serotonin;MA.;mod-1
NSML;RICR;serotonin;MA.;mod-1
NSMR;RICL;serotonin;MA.;mod-1
NSMR;RICR;serotonin;MA.;mod-1
NSML;RID;serotonin;MA.;mod-1
NSMR;RID;serotonin;MA.;mod-1
NSML;RIML;serotonin;MA.;mod-1
NSML;RIMR;serotonin;MA.;mod-1
NSMR;RIML;serotonin;MA.;mod-1
NSMR;RIMR;serotonin;MA.;mod-1
NSML;RMED;serotonin;MA.;mod-1
NSML;RMEL;serotonin;MA.;mod-1
NSML;RMER;serotonin;MA.;mod-1
NSML;RMEV;serotonin;MA.;mod-1
NSMR;RMED;serotonin;MA.;mod-1
NSMR;RMEL;serotonin;MA.;mod-1
NSMR;RMER;serotonin;MA.;mod-1
NSMR;RMEV;serotonin;MA.;mod-1
NSML;VD01;serotonin;MA.;mod-1
NSML;VD10;serotonin;MA.;mod-1
NSML;VD11;serotonin;MA.;mod-1
NSML;VD12;serotonin;MA.;mod-1
NSML;VD13;serotonin;MA.;mod-1
NSML;VD02;serotonin;MA.;mod-1
NSML;VD03;serotonin;MA.;mod-1
NSML;VD04;serotonin;MA.;mod-1
NSML;VD05;serotonin;MA.;mod-1
NSML;VD06;serotonin;MA.;mod-1
NSML;VD07;serotonin;MA.;mod-1
NSML;VD08;serotonin;MA.;mod-1
NSML;VD09;serotonin;MA.;mod-1
NSMR;VD01;serotonin;MA.;mod-1
NSMR;VD10;serotonin;MA.;mod-1
NSMR;VD11;serotonin;MA.;mod-1
NSMR;VD12;serotonin;MA.;mod-1
NSMR;VD13;serotonin;MA.;mod-1
NSMR;VD02;serotonin;MA.;mod-1
NSMR;VD03;serotonin;MA.;mod-1
NSMR;VD04;serotonin;MA.;mod-1
NSMR;VD05;serotonin;MA.;mod-1
NSMR;VD06;serotonin;MA.;mod-1
NSMR;VD07;serotonin;MA.;mod-1
NSMR;VD08;serotonin;MA.;mod-1
NSMR;VD09;serotonin;MA.;mod-1
ADFL;DVC;serotonin;MA.;ser-1
ADFR;DVC;serotonin;MA.;ser-1
ADFL;PVQL;serotonin;MA.;ser-1
ADFL;PVQR;serotonin;MA.;ser-1
ADFR;PVQL;serotonin;MA.;ser-1
ADFR;PVQR;serotonin;MA.;ser-1
ADFL;PVT;serotonin;MA.;ser-1
ADFR;PVT;serotonin;MA.;ser-1
ADFL;RIAL;serotonin;MA.;ser-1
ADFL;RIAR;serotonin;MA.;ser-1
ADFR;RIAL;serotonin;MA.;ser-1
ADFR;RIAR;serotonin;MA.;ser-1
ADFL;RICL;serotonin;MA.;ser-1
ADFL;RICR;serotonin;MA.;ser-1
ADFR;RICL;serotonin;MA.;ser-1
ADFR;RICR;serotonin;MA.;ser-1
ADFL;RMDDL;serotonin;MA.;ser-1
ADFL;RMDDR;serotonin;MA.;ser-1
ADFL;RMDL;serotonin;MA.;ser-1
ADFL;RMDR;serotonin;MA.;ser-1
ADFL;RMDVL;serotonin;MA.;ser-1
ADFL;RMDVR;serotonin;MA.;ser-1
ADFR;RMDDL;serotonin;MA.;ser-1
ADFR;RMDDR;serotonin;MA.;ser-1
ADFR;RMDL;serotonin;MA.;ser-1
ADFR;RMDR;serotonin;MA.;ser-1
ADFR;RMDVL;serotonin;MA.;ser-1
ADFR;RMDVR;serotonin;MA.;ser-1
ADFL;RMFL;serotonin;MA.;ser-1
ADFL;RMFR;serotonin;MA.;ser-1
ADFR;RMFL;serotonin;MA.;ser-1
ADFR;RMFR;serotonin;MA.;ser-1
ADFL;RMHL;serotonin;MA.;ser-1
ADFL;RMHR;serotonin;MA.;ser-1
ADFR;RMHL;serotonin;MA.;ser-1
ADFR;RMHR;serotonin;MA.;ser-1
ADFL;URYDL;serotonin;MA.;ser-1
ADFL;URYDR;serotonin;MA.;ser-1
ADFL;URYVL;serotonin;MA.;ser-1
ADFL;URYVR;serotonin;MA.;ser-1
ADFR;URYDL;serotonin;MA.;ser-1
ADFR;URYDR;serotonin;MA.;ser-1
ADFR;URYVL;serotonin;MA.;ser-1
ADFR;URYVR;serotonin;MA.;ser-1
HSNL;DVC;serotonin;MA.;ser-1
HSNR;DVC;serotonin;MA.;ser-1
HSNL;PVQL;serotonin;MA.;ser-1
HSNL;PVQR;serotonin;MA.;ser-1
HSNR;PVQL;serotonin;MA.;ser-1
HSNR;PVQR;serotonin;MA.;ser-1
HSNL;PVT;serotonin;MA.;ser-1
HSNR;PVT;serotonin;MA.;ser-1
HSNL;RIAL;serotonin;MA.;ser-1
HSNL;RIAR;serotonin;MA.;ser-1
HSNR;RIAL;serotonin;MA.;ser-1
HSNR;RIAR;serotonin;MA.;ser-1
HSNL;RICL;serotonin;MA.;ser-1
HSNL;RICR;serotonin;MA.;ser-1
HSNR;RICL;serotonin;MA.;ser-1
HSNR;RICR;serotonin;MA.;ser-1
HSNL;RMDDL;serotonin;MA.;ser-1
HSNL;RMDDR;serotonin;MA.;ser-1
HSNL;RMDL;serotonin;MA.;ser-1
HSNL;RMDR;serotonin;MA.;ser-1
HSNL;RMDVL;serotonin;MA.;ser-1
HSNL;RMDVR;serotonin;MA.;ser-1
HSNR;RMDDL;serotonin;MA.;ser-1
HSNR;RMDDR;serotonin;MA.;ser-1
HSNR;RMDL;serotonin;MA.;ser-1
HSNR;RMDR;serotonin;MA.;ser-1
HSNR;RMDVL;serotonin;MA.;ser-1
HSNR;RMDVR;serotonin;MA.;ser-1
HSNL;RMFL;serotonin;MA.;ser-1
HSNL;RMFR;serotonin;MA.;ser-1
HSNR;RMFL;serotonin;MA.;ser-1
HSNR;RMFR;serotonin;MA.;ser-1
HSNL;RMHL;serotonin;MA.;ser-1
HSNL;RMHR;serotonin;MA.;ser-1
HSNR;RMHL;serotonin;MA.;ser-1
HSNR;RMHR;serotonin;MA.;ser-1
HSNL;URYDL;serotonin;MA.;ser-1
HSNL;URYDR;serotonin;MA.;ser-1
HSNL;URYVL;serotonin;MA.;ser-1
HSNL;URYVR;serotonin;MA.;ser-1
HSNR;URYDL;serotonin;MA.;ser-1
HSNR;URYDR;serotonin;MA.;ser-1
HSNR;URYVL;serotonin;MA.;ser-1
HSNR;URYVR;serotonin;MA.;ser-1
NSML;DVC;serotonin;MA.;ser-1
NSMR;DVC;serotonin;MA.;ser-1
NSML;PVQL;serotonin;MA.;ser-1
NSML;PVQR;serotonin;MA.;ser-1
NSMR;PVQL;serotonin;MA.;ser-1
NSMR;PVQR;serotonin;MA.;ser-1
NSML;PVT;serotonin;MA.;ser-1
NSMR;PVT;serotonin;MA.;ser-1
NSML;RIAL;serotonin;MA.;ser-1
NSML;RIAR;serotonin;MA.;ser-1
NSMR;RIAL;serotonin;MA.;ser-1
NSMR;RIAR;serotonin;MA.;ser-1
NSML;RICL;serotonin;MA.;ser-1
NSML;RICR;serotonin;MA.;ser-1
NSMR;RICL;serotonin;MA.;ser-1
NSMR;RICR;serotonin;MA.;ser-1
NSML;RMDDL;serotonin;MA.;ser-1
NSML;RMDDR;serotonin;MA.;ser-1
NSML;RMDL;serotonin;MA.;ser-1
NSML;RMDR;serotonin;MA.;ser-1
NSML;RMDVL;serotonin;MA.;ser-1
NSML;RMDVR;serotonin;MA.;ser-1
NSMR;RMDDL;serotonin;MA.;ser-1
NSMR;RMDDR;serotonin;MA.;ser-1
NSMR;RMDL;serotonin;MA.;ser-1
NSMR;RMDR;serotonin;MA.;ser-1
NSMR;RMDVL;serotonin;MA.;ser-1
NSMR;RMDVR;serotonin;MA.;ser-1
NSML;RMFL;serotonin;MA.;ser-1
NSML;RMFR;serotonin;MA.;ser-1
NSMR;RMFL;serotonin;MA.;ser-1
NSMR;RMFR;serotonin;MA.;ser-1
NSML;RMHL;serotonin;MA.;ser-1
NSML;RMHR;serotonin;MA.;ser-1
NSMR;RMHL;serotonin;MA.;ser-1
NSMR;RMHR;serotonin;MA.;ser-1
NSML;URYDL;serotonin;MA.;ser-1
NSML;URYDR;serotonin;MA.;ser-1
NSML;URYVL;serotonin;MA.;ser-1
NSML;URYVR;serotonin;MA.;ser-1
NSMR;URYDL;serotonin;MA.;ser-1
NSMR;URYDR;serotonin;MA.;ser-1
NSMR;URYVL;serotonin;MA.;ser-1
NSMR;URYVR;serotonin;MA.;ser-1
ADFL;AIBL;serotonin;MA.;ser-4
ADFL;AIBR;serotonin;MA.;ser-4
ADFR;AIBL;serotonin;MA.;ser-4
ADFR;AIBR;serotonin;MA.;ser-4
ADFL;DVA;serotonin;MA.;ser-4
ADFR;DVA;serotonin;MA.;ser-4
ADFL;DVC;serotonin;MA.;ser-4
ADFR;DVC;serotonin;MA.;ser-4
ADFL;M1;serotonin;MA.;ser-4
ADFR;M1;serotonin;MA.;ser-4
ADFL;NSML;serotonin;MA.;ser-4
ADFL;NSMR;serotonin;MA.;ser-4
ADFR;NSML;serotonin;MA.;ser-4
ADFR;NSMR;serotonin;MA.;ser-4
ADFL;PVT;serotonin;MA.;ser-4
ADFR;PVT;serotonin;MA.;ser-4
ADFL;RIBL;serotonin;MA.;ser-4
ADFL;RIBR;serotonin;MA.;ser-4
ADFR;RIBL;serotonin;MA.;ser-4
ADFR;RIBR;serotonin;MA.;ser-4
ADFL;RIML;serotonin;MA.;ser-4
ADFL;RIMR;serotonin;MA.;ser-4
ADFR;RIML;serotonin;MA.;ser-4
ADFR;RIMR;serotonin;MA.;ser-4
ADFL;RIS;serotonin;MA.;ser-4
ADFR;RIS;serotonin;MA.;ser-4
HSNL;AIBL;serotonin;MA.;ser-4
HSNL;AIBR;serotonin;MA.;ser-4
HSNR;AIBL;serotonin;MA.;ser-4
HSNR;AIBR;serotonin;MA.;ser-4
HSNL;DVA;serotonin;MA.;ser-4
HSNR;DVA;serotonin;MA.;ser-4
HSNL;DVC;serotonin;MA.;ser-4
HSNR;DVC;serotonin;MA.;ser-4
HSNL;M1;serotonin;MA.;ser-4
HSNR;M1;serotonin;MA.;ser-4
HSNL;NSML;serotonin;MA.;ser-4
HSNL;NSMR;serotonin;MA.;ser-4
HSNR;NSML;serotonin;MA.;ser-4
HSNR;NSMR;serotonin;MA.;ser-4
HSNL;PVT;serotonin;MA.;ser-4
HSNR;PVT;serotonin;MA.;ser-4
HSNL;RIBL;serotonin;MA.;ser-4
HSNL;RIBR;serotonin;MA.;ser-4
HSNR;RIBL;serotonin;MA.;ser-4
HSNR;RIBR;serotonin;MA.;ser-4
HSNL;RIML;serotonin;MA.;ser-4
HSNL;RIMR;serotonin;MA.;ser-4
HSNR;RIML;serotonin;MA.;ser-4
HSNR;RIMR;serotonin;MA.;ser-4
HSNL;RIS;serotonin;MA.;ser-4
HSNR;RIS;serotonin;MA.;ser-4
NSML;AIBL;serotonin;MA.;ser-4
NSML;AIBR;serotonin;MA.;ser-4
NSMR;AIBL;serotonin;MA.;ser-4
NSMR;AIBR;serotonin;MA.;ser-4
NSML;DVA;serotonin;MA.;ser-4
NSMR;DVA;serotonin;MA.;ser-4
NSML;DVC;serotonin;MA.;ser-4
NSMR;DVC;serotonin;MA.;ser-4
NSML;M1;serotonin;MA.;ser-4
NSMR;M1;serotonin;MA.;ser-4
NSML;NSML;serotonin;MA.;ser-4
NSML;NSMR;serotonin;MA.;ser-4
NSMR;NSML;serotonin;MA.;ser-4
NSMR;NSMR;serotonin;MA.;ser-4
NSML;PVT;serotonin;MA.;ser-4
NSMR;PVT;serotonin;MA.;ser-4
NSML;RIBL;serotonin;MA.;ser-4
NSML;RIBR;serotonin;MA.;ser-4
NSMR;RIBL;serotonin;MA.;ser-4
NSMR;RIBR;serotonin;MA.;ser-4
NSML;RIML;serotonin;MA.;ser-4
NSML;RIMR;serotonin;MA.;ser-4
NSMR;RIML;serotonin;MA.;ser-4
NSMR;RIMR;serotonin;MA.;ser-4
NSML;RIS;serotonin;MA.;ser-4
NSMR;RIS;serotonin;MA.;ser-4
ADFL;ASHL;serotonin;MA.;ser-5
ADFL;ASHR;serotonin;MA.;ser-5
ADFR;ASHL;serotonin;MA.;ser-5
ADFR;ASHR;serotonin;MA.;ser-5
ADFL;AVJL;serotonin;MA.;ser-5
ADFL;AVJR;serotonin;MA.;ser-5
ADFR;AVJL;serotonin;MA.;ser-5
ADFR;AVJR;serotonin;MA.;ser-5
ADFL;AWBL;serotonin;MA.;ser-5
ADFL;AWBR;serotonin;MA.;ser-5
ADFR;AWBL;serotonin;MA.;ser-5
ADFR;AWBR;serotonin;MA.;ser-5
HSNL;ASHL;serotonin;MA.;ser-5
HSNL;ASHR;serotonin;MA.;ser-5
HSNR;ASHL;serotonin;MA.;ser-5
HSNR;ASHR;serotonin;MA.;ser-5
HSNL;AVJL;serotonin;MA.;ser-5
HSNL;AVJR;serotonin;MA.;ser-5
HSNR;AVJL;serotonin;MA.;ser-5
HSNR;AVJR;serotonin;MA.;ser-5
HSNL;AWBL;serotonin;MA.;ser-5
HSNL;AWBR;serotonin;MA.;ser-5
HSNR;AWBL;serotonin;MA.;ser-5
HSNR;AWBR;serotonin;MA.;ser-5
NSML;ASHL;serotonin;MA.;ser-5
NSML;ASHR;serotonin;MA.;ser-5
NSMR;ASHL;serotonin;MA.;ser-5
NSMR;ASHR;serotonin;MA.;ser-5
NSML;AVJL;serotonin;MA.;ser-5
NSML;AVJR;serotonin;MA.;ser-5
NSMR;AVJL;serotonin;MA.;ser-5
NSMR;AVJR;serotonin;MA.;ser-5
NSML;AWBL;serotonin;MA.;ser-5
NSML;AWBR;serotonin;MA.;ser-5
NSMR;AWBL;serotonin;MA.;ser-5
NSMR;AWBR;serotonin;MA.;ser-5
ADFL;I2L;serotonin;MA.;ser-7
ADFL;I2R;serotonin;MA.;ser-7
ADFR;I2L;serotonin;MA.;ser-7
ADFR;I2R;serotonin;MA.;ser-7
ADFL;I3;serotonin;MA.;ser-7
ADFR;I3;serotonin;MA.;ser-7
ADFL;I4;serotonin;MA.;ser-7
ADFR;I4;serotonin;MA.;ser-7
ADFL;I6;serotonin;MA.;ser-7
ADFR;I6;serotonin;MA.;ser-7
ADFL;M2L;serotonin;MA.;ser-7
ADFL;M2R;serotonin;MA.;ser-7
ADFR;M2L;serotonin;MA.;ser-7
ADFR;M2R;serotonin;MA.;ser-7
ADFL;M3L;serotonin;MA.;ser-7
ADFL;M3R;serotonin;MA.;ser-7
ADFR;M3L;serotonin;MA.;ser-7
ADFR;M3R;serotonin;MA.;ser-7
ADFL;M4;serotonin;MA.;ser-7
ADFR;M4;serotonin;MA.;ser-7
ADFL;M5;serotonin;MA.;ser-7
ADFR;M5;serotonin;MA.;ser-7
ADFL;MCL;serotonin;MA.;ser-7
ADFL;MCR;serotonin;MA.;ser-7
ADFR;MCL;serotonin;MA.;ser-7
ADFR;MCR;serotonin;MA.;ser-7
HSNL;I2L;serotonin;MA.;ser-7
HSNL;I2R;serotonin;MA.;ser-7
HSNR;I2L;serotonin;MA.;ser-7
HSNR;I2R;serotonin;MA.;ser-7
HSNL;I3;serotonin;MA.;ser-7
HSNR;I3;serotonin;MA.;ser-7
HSNL;I4;serotonin;MA.;ser-7
HSNR;I4;serotonin;MA.;ser-7
HSNL;I6;serotonin;MA.;ser-7
HSNR;I6;serotonin;MA.;ser-7
HSNL;M2L;serotonin;MA.;ser-7
HSNL;M2R;serotonin;MA.;ser-7
HSNR;M2L;serotonin;MA.;ser-7
HSNR;M2R;serotonin;MA.;ser-7
HSNL;M3L;serotonin;MA.;ser-7
HSNL;M3R;serotonin;MA.;ser-7
HSNR;M3L;serotonin;MA.;ser-7
HSNR;M3R;serotonin;MA.;ser-7
HSNL;M4;serotonin;MA.;ser-7
HSNR;M4;serotonin;MA.;ser-7
HSNL;M5;serotonin;MA.;ser-7
HSNR;M5;serotonin;MA.;ser-7
HSNL;MCL;serotonin;MA.;ser-7
HSNL;MCR;serotonin;MA.;ser-7
HSNR;MCL;serotonin;MA.;ser-7
HSNR;MCR;serotonin;MA.;ser-7
NSML;I2L;serotonin;MA.;ser-7
NSML;I2R;serotonin;MA.;ser-7
NSMR;I2L;serotonin;MA.;ser-7
NSMR;I2R;serotonin;MA.;ser-7
NSML;I3;serotonin;MA.;ser-7
NSMR;I3;serotonin;MA.;ser-7
NSML;I4;serotonin;MA.;ser-7
NSMR;I4;serotonin;MA.;ser-7
NSML;I6;serotonin;MA.;ser-7
NSMR;I6;serotonin;MA.;ser-7
NSML;M2L;serotonin;MA.;ser-7
NSML;M2R;serotonin;MA.;ser-7
NSMR;M2L;serotonin;MA.;ser-7
NSMR;M2R;serotonin;MA.;ser-7
NSML;M3L;serotonin;MA.;ser-7
NSML;M3R;serotonin;MA.;ser-7
NSMR;M3L;serotonin;MA.;ser-7
NSMR;M3R;serotonin;MA.;ser-7
NSML;M4;serotonin;MA.;ser-7
NSMR;M4;serotonin;MA.;ser-7
NSML;M5;serotonin;MA.;ser-7
NSMR;M5;serotonin;MA.;ser-7
NSML;MCL;serotonin;MA.;ser-7
NSML;MCR;serotonin;MA.;ser-7
NSMR;MCL;serotonin;MA.;ser-7
NSMR;MCR;serotonin;MA.;ser-7
